termins;definition;source
Актив;(1) в бухгалтерском учете это часть бухгалтерского баланса, характеризующая состав и стоимость имущества, которым владеет предприятие на данный момент. Другими словами, это те ресурсы, которые принадлежат предприятию: здания, оборудование, материалы, промежуточная и готовая продукция и другие. (2) согласно Р. Кийосаки, это то, что приносит доход.;empirix.ru
Акция;(англ. share) ценная бумага, относящаяся к определенной компании, которая позволяет получать дивиденды владельцу данной акции.;empirix.ru
Акционер;владелец акций акционерного общества. Акционер является совладельцем акционерного общества и имеет право на получение дивидендов (прибыли от результатов его деятельности).;empirix.ru
Амортизация;постепенное снижение ценности основных средств предприятия по причине их изнашивания. Другими словами, физический или моральный износ имущества, который выражен в деньгах.;empirix.ru
Анализ графический;способ анализа движения цены и прогнозирования с применением графических фигур на графике, таких как “треугольник”, “вымпел”, “флаг” и т.д.;empirix.ru
Анализ технический;способ анализа движений цены и прогнозирования с помощью технических индикаторов.;empirix.ru
Анализ фундаментальный;способ анализа движений цены и прогнозирования путем рассмотрения макроэкономических показателей стран, состояния их экономик.;empirix.ru
Андеррайтер;организация-посредник при осуществлении IPO (Initial Public Offering – первичное публичное предложение ценных бумаг на бирже), осуществляющая размещение ценных бумаг на бирже на конкретных условиях и за заранее обговоренное вознаграждение.;empirix.ru
Аск;(англ. ask – запрашивать цену) цена в книге ордеров, по которой трейдер может открыть сделку на покупку.;empirix.ru
Алготрейдер;трейдер, использующий при работе алгоритмические и роботизированные торговые системы.;empirix.ru
Алгоритмическая торговля;метод работы на финансовых рынках с применением алгоритмов — автоматических роботизированных программ, которые способны полностью или частично принимать торговые решения.;empirix.ru
Аффилиация;присоединение компании к другой организации, которая с этого момента выступает для первой в качестве материнской. При торговле на финансовых рынках аффилиация может рассматриваться в рамках процессов слияний и поглощений (M&A, Mergers and Acquisitions), которые могут вызывать изменения котировок акций по причине передела рынка.;empirix.ru
Базисный пункт;значение, равное одной сотой доле процента, или 0,01%. Базисные пункты используются в новостных сводках об изменении показателей, измеряемых в процентах. К примеру, если ключевая процентная ставка в экономике США была 1,5% и потом снизилась на 25 базисных пунктов, то ее новое значение равно 1,25%.;empirix.ru
Базовая инфляция;показатель инфляции, отражающий изменение цен на товары, которые не подвержены значительным колебаниям цены. Из расчета исключаются товары, для которых характерна существенная ценовая динамика, например, энергоносители или продукты питания.;empirix.ru
Баланс государственного бюджета;соотношение трат государства к поступлениям в его казну в форме налогов. Дефицит бюджета означает, что правительство тратит больше, чем получает (следовательно, берет кредиты или расходует сбережения). Профицит бюджета означает, что государство зарабатывает больше, чем тратит.;empirix.ru
Баррель (англ. barrel – бочка);единица измерения объема нефти, равная 42 галлонам или примерно 159 литрам. Баррель, используемый для измерения других сыпучих веществ или жидкостей может отличаться по объему от «нефтяного» барреля: стандартный баррель в США вмещает в себя 31,5 галлона или около 119 литров; английский баррель вмещает в себя 36 английских галлонов, что эквивалентно 163,7 литрам.;empirix.ru
Бай;(англ. buy) сделка на покупку.;empirix.ru
Бай-лимит;(англ. buy-limit) отложенный ордер на покупку, находящийся ниже рыночных цен.;empirix.ru
Бай-стоп;(англ. buy-stop) отложенный ордер на покупку, находящийся выше рыночных цен.;empirix.ru
Бар;(англ. bar) вертикальный элемент графика цен, отражающий 4 цены (открытия, максимума, минимума, закрытия) за определенный временной промежуток (минута, час, день и т.п.).;empirix.ru
Бенчмарк;(англ. benchmark) показатель, к которому стремятся инвестиционные стратегии, управляющие или фонды. Эталонный индекс или инструмент, который показывает составляющую экономики страны. К примеру, в Америке бенчмарком является индекс S&P 500, в России — индексы RTS и ММВБ.;empirix.ru
Бид;(англ. bid — предлагать цену) цена в книге ордеров, по которой трейдер может открыть сделку на продажу.;empirix.ru
Биржа (англ. exchange);централизованный финансовый рынок, где торгуются ценные бумаги (акции), облигации, деривативы и другие финансовые инструменты.;empirix.ru
Биржевой курс (котировка);конкретная цена, по которой торгуется ценная бумага на конкретной бирже в конкретный момент времени. Биржевой курс в настоящий момент отражает цену, за которую можно купить или продать ценную бумагу прямо сейчас.;empirix.ru
Брокер;(англ. broker — посредник) институциональный и регулируемый посредник в торгах финансовыми инструментами.;empirix.ru
Брокераж;осуществление сделок купли-продажи с ценными бумагами на бирже по поручению их настоящего или будущего владельца. Как правило, при передаче ценных бумаг на брокераж оформляется доверенность.;empirix.ru
Брокерская ассоциация;объединение брокеров-членов биржи, которое официально зарегистрировано на бирже с целью совместного выполнения приказов клиентов.;empirix.ru
Бухгалтерский баланс;представленный в табличной форме свод информации о стоимости имущества и объеме обязательств компании. Бухгалтерский баланс является формой бухгалтерской отчетности, которая дает представление о финансовом состоянии компании: успешности и устойчивости бизнеса, объеме долгового бремени, вероятности банкротства. Как правило, бухгалтерский баланс составляется на конец квартала или года.;empirix.ru
Бык;(англ. bull) участник рынка, ожидающий рост цены. Бычий рынок — растущий рынок. См. также: Медведь.;empirix.ru
Бэктест;(англ. backtest) тестирование торговых систем на исторических данных.;empirix.ru
Валюта;(англ. currency) денежная единица страны.;empirix.ru
Валюта базовая;в валютной паре базовой валютой является первая, т.е. стоит в числителе.;empirix.ru
Валюта котирования;в валютной паре валютой котирования является вторая, т.е. стоит в знаменателе.;empirix.ru
Валютная пара;финансовый инструмент, в котором стоимость одной валюты выражается в единицах второй.;empirix.ru
Валютный своп;(англ. currency swap) финансовая операция, в которой две стороны соглашаются обменять определенную сумму валюты по текущему курсу, а затем обратно обменять эту сумму валюты по заранее оговоренному будущему курсу. Валютные свопы являются деривативными инструментами и активно используются на финансовых рынках для управления валютными рисками.;empirix.ru
ВВП (валовый внутренний продукт);представляет собой общую стоимость всех конечных товаров и услуг, произведенных в стране. ВВП является наиболее часто используемым параметром для обозначения размера экономики. Часто другие экономические показатели выражаются через процент от ВВП (например, государственный долг), чтобы дать представление о том, большие это или малые величины в контексте экономики всей страны.;empirix.ru
Вексель;ценная бумага, обязующая лицо уплатить другому лицу конкретную сумму в указанный срок. Вексель может использоваться как платежное и расчетное средство, а также выступать средством получения кредита. Вексель является ценной бумагой, что позволяет осуществлять с ним операции купли-продажи на фондовом рынке.;empirix.ru
Вице-брокер;помощник брокера на бирже.;empirix.ru
Волатильность;(англ. volatility, от лат. volare — летать),  показатель скорости движения цены. Как правило, измеряется визуально или при помощи индикаторов, например Average True Range (ATR), Stardard Deviation.;empirix.ru
Выручка от иностранной валюты;доход, который получает инвестор от вложений в иностранную валюту; помимо изменений курса отображает и проценты, которые получает инвестор сверх или ниже того, сколько он мог бы получить в своей стране. ;empirix.ru
Высокочастотный трейдинг;(англ. high frequency trading — HFT) вид трейдинга, когда сделки могут открываться и закрываться в течение долей секунд. Для HFT применяются торговые роботы и алгоритмы, а компании, которые занимаются HFT, располагают свои офисы как можно ближе к серверам брокеров и дилеров, чтобы погрешность исполнения была минимальной.;empirix.ru
Гэп;(англ. gap) ценовой разрыв, случающийся, как правило, на валютном рынке и связанный с отсутствием торгов в субботу и воскресенье либо с выходом значимых новостей. Примеры гэпов на дневном графике и в увеличении на часовом.;empirix.ru
Глубина рынка;объем рынка по выбранному активу по конкретной цене в конкретный момент времени. Глубина рынка отражает актуальное состояние спроса и предложения и показывает, размещение сделки какого объема может изменить цену.;empirix.ru
Голубые фишки (англ. blue chips);ценные бумаги крупных, ликвидных и надежных компаний, имеющих стабильные показатели доходности. Сам термин пришел на финансовые рынки из покера, в котором голубой является цветом самой дорогой фишки.;empirix.ru
Гудвилл;форма нематериальных активов компании, которые не поддаются материальному измерению. В гудвилл могут входить: деловая репутация компании; наработанные связи с потребителями и поставщиками; доступ на перспективные рынки. Гудвилл может показывать неучтенную в материальном выражении ценность компании, влияющую на стоимость относящейся к ней ценных бумаг.;empirix.ru
Двойная вершина;фигура графического анализа, формирующаяся, когда за определенный промежуток времени цена дважды достигала некоторого верхнего экстремума (крайней точки) и затем опускалась на более низкий уровень. Двойная вершина является медвежьей фигурой и сигнализирует о зарождении нисходящего движения.;empirix.ru
Двойное дно;фигура графического анализа, формирующаяся, когда за определенный промежуток времени цена дважды достигала некоторого нижнего экстремума (крайней точки) и затем поднималась на более высокий уровень. Двойное дно является бычьей фигурой и сигнализирует о зарождении восходящего движения.;empirix.ru
Девальвация валюты;понижение реального курса национальной валюты по отношению к другим валютам. К примеру, изменение курса USDNOK с 9 норвежских крон за американский доллар до 12 крон является девальвацией норвежской кроны к доллару США. Девальвация приводит к относительному удорожанию импорта и повышению доходов экспортеров, выраженных в национальной валюте.;empirix.ru
Делеверидж;процесс сокращения долгового бремени. Обычно происходит на последних стадиях долгового цикла.;empirix.ru
Денежный агрегат М0;показатель, выражающий общую сумму денег, эмитированных в определенной валюте; как правило, данный агрегат отражает количество наличных денег, находящихся в обращении в форме банкнот и монет, а также размер резервов центрального банка.;empirix.ru
Депозит;(англ. deposit) сумма счета, на которой трейдер ведет свою торговлю финансовыми инструментами.;empirix.ru
Депрессия;стадия долгового кризиса, во время которой обычно происходит самоусиливающееся падение экономического роста и цены активов.;empirix.ru
Дериватив;(англ. derivative) производный финансовый инструмент, например фьючерс, форвард или опцион.;empirix.ru
Децентрализованный рынок;рынок, на котором торги проходят не в одном месте физически, а на разных торговых площадках.;empirix.ru
Дефляция;снижение общего уровня цен или повышение реальной стоимости денег. Причинами дефляции могут быть: снижение количества денег в обращении; падение совокупного спроса на товары и услуги при неснижающемся предложении; увеличение совокупного предложения при невозрастающем спросе; снижение стоимости товаров, вызванное повышением производительности; снижение цен на импортные товары и услуги по причине ревальвации национальной валюты. Считается, что дефляция вредит экономике, так как падение цен уменьшает доходы предпринимателей и дальнейшие стимулы экономического развития. Обратным явлением для дефляции является инфляция.;empirix.ru
Диверсификация;распределения рисков по рынкам, инструментам, стратегиям.;empirix.ru
Дивергенция;(англ. divergence — расхождение) происходит при росте цены и движении индикатора вниз.;empirix.ru
Дивиденд;часть прибыли акционерного общества, которая подлежит распределению между владельцами ценных бумаг пропорционально их долям в компании. Дивиденды являются одной из двух ключевых инвестиционных причин приобретения акций публичных компаний (второй причиной является рост цены акции во времени). Дивиденд выплачивается раз в период (квартал, год), который заранее определяется компанией. Дивиденды могут выплачиваться как в денежной форме, так и акциями компании.;empirix.ru
Дилер;(англ. dealer) участник рынка, выступающий контрагентом в сделке с клиентами. Среди трейдеров ДЦ часто ласково именуется “кухня”.;empirix.ru
Дилинговый центр, ДЦ;см. Дилер.;empirix.ru
Дискреционный анализ;(англ. discretionary) еще называют интуитивным трейдингом. Способ анализа движений цены с помощью логики, без использования жестких правил и технических индикаторов.;empirix.ru
Дисперсия;статистическая мера разброса или изменчивости значений в каком-то наборе данных. Она предоставляет информацию о том, насколько данные распределены вокруг среднего значения (например, среднего значения цены или объема). Чем больше дисперсия, тем больше разброс между отдельными значениями данных, а чем меньше дисперсия, тем ближе значения к среднему.;empirix.ru
Долгосрочная процентная ставка;процентная ставка по долгосрочным обязательствам.;empirix.ru
Долг в иностранной валюте;долг, номинированный в валюте, отличной от валюты страны-заемщика.;empirix.ru
Доходность ценной бумаги;отношение дохода по ценной бумаге к ее рыночной стоимости, рассчитанное за определенный период. Этот показатель используется при оценке инвестиционной привлекательности ценной бумаги: как правило, чем выше доходность, тем привлекательнее ценная бумага, при прочих равных условиях.;empirix.ru
Дэйтрейдер;(англ. daytrader) трейдер, который совершает сделки, как правило, внутри дня, не перенося их на следующую торговую сессию или день.;empirix.ru
Еврооблигация (англ. Eurobond);облигация, которая выпущена в валюте, являющейся иностранной для эмитента. К примеру, если зарегистрированная в России компания выпускает облигации в американских долларах или вьетнамских донгах, то они называются еврооблигациями. Приставка «евро» сегодня не несет смысловой нагрузки (не относится к валюте еврозоны), кроме как напоминает, что первые еврооблигации появились в Европе, отчего их и стали называть таким образом.;empirix.ru
Емкость рынка (англ. market capacity);на финансовых рынках используется редко и в основном выступает в качестве синонима термина «глубина рынка».;empirix.ru
ЕЦБ;Европейский центральный банк; является центральным банком еврозоны — экономического валютного союза, действующего в рамках ЕС и объединяющего входящие в него страны, официальной валютой которых является евро.;empirix.ru
Зеркальный уровень;уровень поддержки, после пробития которого становится уровнем сопротивления, или наоборот.;empirix.ru
Инвестор;(англ. investor) участник рынка, ведущий долгосрочную торговлю.;empirix.ru
Инвестиции;долгосрочные сделки (от года и выше) на финансовых рынках, рынке недвижимости или на любой другой площадке. Инвестиции делятся на активные и пассивные. Подробнее про каждый подход — в статье Пассивные инвестиции — удача или терпение?;empirix.ru
Инвестиционный банк;финансовая организация, главный фокус которой предоставлять компаниям, политическим организациям, крупным и частным инвесторам доступ к инвестиционным продуктам на фондовых биржах. ;empirix.ru
Индекс;показатель среднего значения финансовых инструментов. Так, например, индекс S&P 500 включает в себя 500 крупнейших компаний Америки (тем самым показывая силу или слабость американского фондового рынка), а индекс американского доллара — среднее значение доллара против основных валют.;empirix.ru
Индикатор технический;математическая формула, в которую подставляются исторические цены и/или объемы, имеющая вид линий, гистограмм, точек и др., располагаемых на графике цены. Технические индикаторы указывают трейдеру направления рынка, точки входа, измеряют волатильность и др.;empirix.ru
Инсайдерская торговля;это практика покупки или продажи ценных бумаг, осуществляемая лицами, которые имеют конфиденциальную информацию о компании, которая может значительно влиять на цену этих ценных бумаг. Инсайдерская торговля считается незаконной и недобросовестной, так как основана на использовании привилегированной информации для получения выгоды на рынке. Она нарушает нормы рыночной справедливости и создает неравные условия для остальных участников рынка. Законодательство об инсайдерской торговле предусматривает наказания для нарушителей, включая штрафы, уголовное преследование и потерю права заниматься торговлей на финансовых рынках.;empirix.ru
Инфляция;повышение общего уровня цен или снижение реальной стоимости денег. Причинами инфляции могут быть: повышение количества денег в обращении; рост совокупного спроса на товары и услуги при невозрастающем предложении; сокращение совокупного предложения при неснижающемся спросе; рост цен на импортные товары и услуги по причине девальвации национальной валюты. Считается, что инфляция в 1,5-2% в год характерна для «здоровой» экономики. Более низкая инфляция ограничивает экономические стимулы к развитию предпринимательства. Более высокая инфляция способствует существенному обесценению денег. Обратным явлением для инфляции является дефляция.;empirix.ru
Издержки;плата за торговлю на финансовых рынках. К ним относятся комиссии, спреды, свопы, налоги.;empirix.ru
Исторические данные;информация о прошлых ценах, объемах торговли и других рыночных параметрах финансовых инструментов, таких как акции, валюты или сырьевые товары. Они являются записями о прошлых торговых событиях и движениях рынка, которые могут быть использованы трейдерами и инвесторами для анализа и принятия решений. Такие данные используются трейдерами для различных целей, включая технический анализ, разработку и тестирование торговых стратегий, прогнозирование ценовых движений и принятие решений о входе или выходе из рынка. Они помогают трейдерам понять прошлые рыночные тренды и поведение цен, чтобы принять обоснованные решения на основе исторического контекста.;empirix.ru
Капитализация (рыночная капитализация);стоимость публичной компании, рассчитанная как произведение котировки обыкновенных акций компании на общее число обыкновенных акций в обращении. Капитализация отражает как реальное состояние дел компании, так и сформированные на рынке ожидания инвесторов относительно ее будущих финансовых успехов, потому что инвесторы часто приобретают акции, рассчитывая потенциал развития компании.;empirix.ru
Квант;(англ. quant) так в мире трейдинга называют математиков, программистов или физиков, которые работают в инвестиционных компаниях с целью разработки торговых роботов или алгоритмов.;empirix.ru
Квота;способ количественного ограничения производства или ввоза товаров на территорию государства. На финансовых рынках квотирование часто относят к действию картелей, регулирующих добычу нефти или производство сельскохозяйственных товаров (например, сахара). В таком случае увеличение квоты добычи/производства способствует росту предложения товара, и наоборот.;empirix.ru
Керри-трейдинг;(англ. carry-trading) вид долгосрочной торговли, при которой прибыль зарабатывается на разнице процентных ставок двух стран, чьи валюты участвуют в сделке.;empirix.ru
Книга ордеров;(англ. order book) все стоповые и лимитные ордера на покупку или продажу инструмента, находящиеся у дилера в определенный момент времени.;empirix.ru
Стакан заявок, стакан цен, рыночный стакан, глубина рынка;так еще называют книгу ордеров. Англ. — DOM (depth of market), LOB (limit order book).;empirix.ru
Количественный трейдинг;метод торговли на финансовых рынках, когда используются алгоритмические стратегии, высокочастотные и арбитражные стратегии.;empirix.ru
Комиссия;плата трейдера своему брокеру за услуги.;empirix.ru
Конвертируемость;свойство актива, отражающее легкость его обратимости в другой актив. К примеру, высокая степень конвертируемости американского доллара в евро указывает на простоту обмена одной валюты на другую; а низкая степень конвертируемости нижегородской квартиры на акции компании «Apple» говорит о практической невозможности совершения подобной сделки.;empirix.ru
Конвергенция (англ. convergence;схождение) — это зеркальное отражение дивергенции: цена снижается, но индикатор уже не может, он начинает растет.;empirix.ru
Контрагент;другая сторона в сделке.;empirix.ru
Конъюнктура рынка;складывающаяся на рынке ситуация в конкретный момент времени. Конъюнктура рынка включает в себя следующие величины: соотношение спроса и предложения выбранных активов; рыночные котировки активов; объемы торгов активами; и другие.;empirix.ru
Консолидация;(англ. consolidation) другое название флэта. Период, когда цена не проявляет трендовых движений.;empirix.ru
Корреляция;взаимосвязь движения отдельных инструментов.;empirix.ru
Котировка;цена актива.;empirix.ru
Котирование обратное;такой способ котирования, при котором доллар США (USD) стоит в знаменателе. К валютным парам с обратным котированием относятся EURUSD, GBPUSD, AUDUSD, NZDUSD.;empirix.ru
Котирование прямое;такой способ котирования, при котором доллар США (USD) стоит в числителе. К валютным парам с прямым котированием относят USDCAD, USDCHF, USDJPY и др.;empirix.ru
Коэффициент;отношение двух величин или множитель при переменной. Расчет коэффициентов имеет большое значение на финансовых рынках при анализе финансовой отчетности компаний. На основе сравнения коэффициентов на основе данных разных компаний или ценных бумаг инвестор может принять решение о вложении денег в наиболее привлекательные из них.;empirix.ru
Коэффициент восстановления;(англ. recovery factor) выражает отношение между средней годовой доходностью и максимальной просадкой.;empirix.ru
Коэффициент Шарпа;(англ. Sharpe Ratio) показатель эффективности торгового портфеля, систематической стратегии, торгового алгоритма. Вариант использования коэффициента Шарпа в алгоритмическом трейдинге на Форекс — как отношение средней годовой доходности к годовому стандартному отклонению.;empirix.ru
В классической формуле коэффициента Шарпа в числителе разница между доходностью рассматриваемого и альтернативного портфеля, в знаменателе;среднее отклонение портфеля.;empirix.ru
Краткосрочная процентная ставка;процентная ставка по кредитам, выдаваемым на очень короткий период (как правило до 3х месяцев).;empirix.ru
Кризис платежного баланса;вид экономического кризиса, для которого характерно то, что государственные расходы за рубежом не могут поддерживаться на прежнем уровне в связи с падением доходов или притока капитала, которые страна получает из-за рубежа. Сопровождается валютным и долговым кризисами.;empirix.ru
Кросс-курс;финансовый инструмент, не содержащий доллара США (USD). Однако сделки с кросс-курсами все равно осуществляются с участием доллара США.;empirix.ru
Ликвидность;(англ. liquidity) доступный в данный момент на рынке объем торгуемого актива.;empirix.ru
Лимит;см. Ордер отложенный.;empirix.ru
Листинг;внесение акций конкретной компании в список ценных бумаг, которые могут быть размещены на конкретной бирже и участвовать в биржевых торгах. Листинг представляет собой процедуру по подготовке ценных бумаг и транспарентности («открытости») деятельности компании к установленным биржей требованиям.;empirix.ru
Лонг;(англ. long) “длинная” сделка, или сделка на покупку.;empirix.ru
Лот;объем на сделку, равный 100 000 единицам базового инструмента. Например, покупка одного лота EUR/USD будет равняться покупке 100 000 EUR. В цифровом эквиваленте измеряется как 1.0 (100 000 базовой единицы), 0.1 (10 000 базовой единицы), 0.01 (1 000 базовой единицы).;empirix.ru
Мажор;(англ. major) активно торгуемая валютная пара с прямым или обратным котированием.;empirix.ru
Макроэкономика;экономическая модель, которая включает в себя всевозможные факторы — начиная от спроса и предложения на валюты, заканчивая ВВП стран, государственным долгом или объемом импорта/экспорта. Основателем современной макроэкономической модели считается Джон Мейнард Кейнс. ;empirix.ru
Маржа;(англ. margin) обеспечительный взнос трейдера на торговый аккаунт.;empirix.ru
Маржин-колл;(англ. margin call) дословно “звонок брокера с просьбой к клиенту пополнить маржу”; торговая ситуация, при которой у трейдера на балансе не хватает средств для поддержания открытых позиций.;empirix.ru
Маркет-мейкер;(англ. market-maker) крупный участник рынка, обязанный предоставлять ликвидность и получающий за свои услуги комиссии. Маркет-мейкерами, как правило, являются крупные мировые банки.;empirix.ru
Математическое ожидание;средняя оценка ожидаемого дохода или убытка от торговой стратегии или инвестиций на протяжении большого количества сделок или периода времени. Оно измеряется величиной валюты (например, долларов, евро) и представляет собой среднюю величину, которую можно ожидать в среднем за каждую единицу времени.;empirix.ru
Медведь;(англ. bear) участник рынка, ожидающий падение цены. Медвежий рынок – падающий рынок. См. также: Бык.;empirix.ru
Мета-ордер;(англ. metaorder) очень крупный ордер, принадлежащий, как правило, крупным игрокам.;empirix.ru
Механическая торговля;торговля с применением жестких технических правил. Чаще всего такие системы используют индикаторы и компьютерные алгоритмы.;empirix.ru
Номинальная доходность;доходность от инвестиций без учета инфляции.;empirix.ru
Объем;совокупное количество актива, проторгованного за единицу времени. См. также: индикаторы объема в Индикатор технический.;empirix.ru
Облигация;долговая ценная бумага, выпускаемая государством или корпорацией. Наиболее консервативный инструмент после банковского депозита.;empirix.ru
Обменный курс;курс обмена иностранной валюты.;empirix.ru
Обслуживание долга;расходы на обеспечение обязательств по долгу в течение определенного периода времени. Включает выплаты процентов и погашение основной суммы долга.;empirix.ru
Овернайт;(англ. overnight) процент от объема сделки, удерживаемый брокером, за перенос позиции на следующие сутки. Данный процент зависит от процентных ставок стран, чьи валюты участвуют в сделке трейдера.;empirix.ru
Оверфиттинг;(англ. overfitting) или переоптимизация торговой стратегии  — подгонка параметров стратегии на историческом тестировании, при котором стратегия показывает прибыльные результаты на истории, но, как правило, “ломается” при реальной торговле.;empirix.ru
Оптимизация;процесс настройки различных переменных в торговой стратегии. Это может быть уровень стоп-лосса, тейк-профита или настройка параметров индикатора. Оптимизация — часть процесса бэктеста.;empirix.ru
Опцион;(англ. option) инструмент, который дает его владельцу право, но не обязанность, купить или продать финансовый инструмент по оговоренному курсу в определенный период времени.;empirix.ru
Ордер;(англ. order — приказ) заявка трейдера на открытие позиции.;empirix.ru
Ордер отложенный;заявка на открытие или закрытие позиции по ценам, далеким от текущих рыночных.;empirix.ru
Ордер рыночный;заявка на открытие или закрытие позиции по текущим, рыночным ценам.;empirix.ru
Ордер лимитный;см. Ордер отложенный.;empirix.ru
Осциллятор;(англ. oscillator, от осциллировать — колебаться) индикатор, ограниченный уровнями 0% и 100%. Осцилляторы называют опережающими индикаторами ввиду того, что они часто достигают экстремальных значений перед разворотом цен. Прибыльные сигналы осцилляторов наиболее вероятны во флэтовых рынках. Однако тренды не оставляют осцилляторам шансов на прибыльные сигналы, поскольку осциллятор на тренде большинство времени проводит в экстремальной зоне.;empirix.ru
Открытый интерес;(англ. Open Interest, OI) также называют “Сумма открытых позиций”. Открытый интерес — это сумма открытых фьючерсных или опционных контрактов, по которым не производился расчет. Одним словом — открытые позиции. ОИ является популярным индикатором среди трейдеров. Сведения берутся с Чикагской товарной биржи — CME (Chicago Mercantile Exchange).;empirix.ru
Откат;коррекция цены, временное движение котировок против основного тренда.;empirix.ru
Пассив;(1) в бухгалтерском учете это часть бухгалтерского баланса, характеризующая состав и объем долгов и обязательств предприятия на данный момент. В графе пассив встречаются: заемные средства, отложенные налоговые обязательства, кредиторская задолженность, доходы будущих периодов и другое. (2) согласно Р. Кийосаки, это то, что отнимает доход.;empirix.ru
Паттерн;(англ. pattern — модель, шаблон, схема) ценовая модель либо модель, образуемая показаниями индикатора.;empirix.ru
Перекупленность;такое значение обычно дается тогда, когда цена финансового инструмента сильно выросла. Под перекупленностью понимается “перегретость” цены. Как правило, перекупленность сигнализирует об остановке либо развороте цены вниз. Два индикатора, которые помогут с определением перекупленности: RSI и Stochastic.;empirix.ru
Перепроданность;здесь все то же самое, что и с перекупленностью, только зеркально. Если цена финансового инструмента прошла значительный нисходящий тренд, значит ее считают перепроданной и недооцененной. Перепроданность сигнализирует о покупках. Измеряется индикаторами RSI и Stochastic.;empirix.ru
Пипс (англ. pips);минимально возможный шаг цены на финансовых рынках. К примеру, если валютная пара имеет следующую запись котировки: 1,26534, то 1 пипс представляет собой величину в 0,00001. Изменение котировки с 1,10003 до 1,10009 эквивалентно ее росту на 6 пипсов. В паре USDJPY пипс рассчитывается как 0,001. С помощью пипсов возможно определение малейших изменений котировок финансовых активов.;empirix.ru
Пирамидинг;(англ. pyramiding) постепенное увеличение объема работающей прибыльной позиции.;empirix.ru
Платежный баланс;все операции (например, покупка товаров, услуг и финансовых активов) между людьми/компаниями в одной стране/валюте и остальным миров. ;empirix.ru
Платформа торговая;программное обеспечение для трейдера, на котором можно анализировать графики и совершать торговые операции.;empirix.ru
Плечо кредитное;(англ. leverage) левередж, средства брокера, благодаря которым трейдер может открыть позицию объемом, превышающим его маржу.;empirix.ru
Поддержка;горизонтальный или наклонный ценовой уровень, удерживающий цену и не дающий ей падать дальше.;empirix.ru
Портфель;торгуемые финансовые инструменты у отдельного трейдера/фонда в определенный период времени.;empirix.ru
Поставщик ликвидности;(англ. liquidity supplier) участник рынка, как правило, маркет-мейкер, предоставляющий ликвидность другим участникам торгов. Поставки ликвидности – это размещение лимитных ордеров.;empirix.ru
Потребитель ликвидности;(англ. liquidity consumer) участник рынка, как правило, трейдер, потребляющий ликвидность из книги ордеров. Потребление ликвидности происходит рыночными ордерами.;empirix.ru
Поток ордеров;(англ. Order flow) совокупность всех сделок, которые поступают в книгу ордеров и которые влияют на ценообразование.;empirix.ru
Прайс экшен;(англ. Price Action) дословно поведение цены, метод анализа графиков финансовых инструментов без индикаторов, основанный на поиске моделей продолжения и разворота тренда, образующихся одним или несколькими барами (свечами). Известные модели Price Action: пин-бар, внутренний бар, DBHLC / DBLHC, внешний бар (поглощение) и др. Метод имеет сходства с японским свечным анализом.;empirix.ru
Прайм-брокер;(англ. Prime-broker) брокер, который чаще всего предоставляет услуги для трейдинга крупным компаниям, таким как инвестиционные банки и хедж-фонды. Можно сказать, что это самые премиальные компании в сфере доступа к финансовым рынкам. Этим они и отличаются от обычных брокеров, которые могут предоставлять доступ и частным трейдерам, а не только хедж-фондам.;empirix.ru
Предложение;желание и возможность участника продавать инструмент по определенной цене.;empirix.ru
Приток/отток капитала;трансграничное движение денег и кредита с целью покупки капитальных и инвестиционных активов (таких как облигации, валюта, акции). Иностранцы, скупающие/продающие активы страны, — это “приток” капитала; внутренние игроки, которые покупают и продают иностранные активы, — это “отток” капитала.;empirix.ru
Просадка;(англ. drawdown) — убыток, полученный за время от достижения исторического пика кривой доходности до исторического минимума кривой доходности.;empirix.ru
Проскальзывание;(англ. slippage) отсутствие котировки на заданных ценовых уровнях, связанная с разреженностью книги ордеров. См. также: Книга ордеров.;empirix.ru
Проп-трейдинг;(англ. proprietary trading) вид деятельности на финансовых рынках, когда компания работает со своим капиталом (без привлечения инвесторских денег), а также позволяет сотрудничать частным трейдерам с ними, отбирая лучших в основной штат.;empirix.ru
Профит-фактор;(англ. profit-factor) отношение общего дохода к общему убытку.;empirix.ru
Профит;(англ. profit) прибыль, полученная на финансовых рынках в результате успешной сделки или сделок.;empirix.ru
Процентная ставка;подлежащая выплате заимодавцу сумма, начисляемая заемщику в качестве платы за использование заемных средств, представленная в процентном выражении к сумме выданных заемных средств. То есть сумма, которую заемщик платит сверх полученной в долг суммы, а кредитор зарабатывает. В большинстве стран центральные банки стараются контролировать краткосрочные процентные ставки (например, межбанковскую ставку, называемую ставкой “овернайт”, по которой банки выдают друг другу кредиты сроком на одну ночь), тогда как на долгосрочные процентные ставки (например, по десятилетним облигациям)  в большей степени влияют предложение и спрос на такие долги.;empirix.ru
Пузырь;стадия долгового цикла, которая обычно сопровождается самоусиливащимся и неустойчивым ростом долга и цены активов, а также экономическим ростом.;empirix.ru
Ралли;(англ. rally) устойчивый, сильный и импульсный тренд вверх или вниз.;empirix.ru
Разрыв ВВП;относительная мера того, насколько высоко или низко загружены производственные мощности страны. Она основана на разнице между тем, сколько экономика производит сегодня по сравнению с уровнем производства, возможным в течение более длительного периода без отрицательных последствий (что также известно как “экономический потенциал”). Эта мера основана на производительности труда. Виды:;empirix.ru
Реальная доходность;доходность по инвестициям с учетом инфляции.;empirix.ru
Реальная процентная ставка;процентная ставка, не отражающая влияние инфляции. Если эта ставка отрицательная, то инфляция выше, чем сумма полученных процентов, а это означает, что заимодавцы с течением времени теряют их покупательную способность.;empirix.ru
Реальный;экономические термины (показатели), которые содержат слово “реальный” рассчитаны с поправкой на инфляцию, чтобы исключить ее влияние. Важно, что часто эти показатели невозможно измерить точно (например, точный реальный обменный курс валюты неизвестен).;empirix.ru
Реальный ВВП;относительная мера объемов товаров и услуг, произведенных в отдельно взятой стране (в отличие от подтвержденной инфляции общей стоимости товаров и услуг, произведенных в стране).;empirix.ru
Реальный обменный курс;относительный показатель того, сколько товара/услуг можно приобрести за одну и ту же денежную сумму в разных странах, а также показатель того, является ли курс валюты страны переоцененным или недооцененным. Отрицательный реальный обменный курс показывает, что валюта потеряла в цене, то есть что на данную валюту невозможно купить столько же товара и услуг в других странах, сколько внутри этой страны.  Положительный реальный обменный курс означает более дорогую валюту, то есть что на данную валюту можно купить больше в других странах, чем у себя дома. ;empirix.ru
Реальный рост;относительная мера изменения объема товара и услуг, произведенных в стране (в отличие от номинального роста, на который оказывает влияние инфляция).;empirix.ru
Ревальвация валюты;повышение реального курса национальной валюты по отношению к другим валютам. К примеру, изменение курса USDNOK с 9 норвежских крон за американский доллар до 6 крон является ревальвацией норвежской кроны к доллару США. Ревальвация приводит к относительному удешевлению импорта и снижению доходов экспортеров, выраженных в национальной валюте.;empirix.ru
Резервы;сбережения страны, обычно удерживаемые в иностранной валюте или золоте. Страны могут продавать резервы и покупать собственную валюту, если они намерены поддерживать национальную валюту, что является обычной политикой в условиях кризиса платежного баланса.;empirix.ru
Ренко;способ отображения графика с целью фильтрации рыночного шума.;empirix.ru
Рентабельность;индикатор эффективности экономической деятельности, показывающий степень отдачи от вложенных средств. На корпоративном уровне показатели рентабельности используются для расчета отдачи от инвестиций в перспективные проекты. Частный трейдер может рассчитывать показатели рентабельности для разных торговых стратегий.;empirix.ru
Рефляция;ситуация, в которой стимулирующая денежно-кредитная политика способствует восстановлению экономики.;empirix.ru
Риск-менеджмент;распределение денег между разными инвестиционными инструментами с целью снижения рисков.;empirix.ru
Риск-менеджер;человек (или алгоритм), который отвечает за возможные риски, связанные с портфельными инвестициями. ;empirix.ru
Робот;см. Советник.;empirix.ru
Робастность;(англ. robust) или “устойчивость” — относится к способности торговой стратегии демонстрировать последовательно хорошие результаты в разнообразных рыночных условиях. Робастная торговая стратегия — это такая, которая может адаптироваться и оставаться прибыльной в различных рыночных средах, включая бычьи рынки, медвежьи рынки и периоды высокой или низкой волатильности.;empirix.ru
Рынок фондовый или рынок ценных бумаг;биржа (физическое место, например — Wall Street и биржа NYSE), где проводятся операции по покупке, продаже или первичному размещению ценных бумаг и других инструментов.;empirix.ru
Рыночная неэффективность;определенная характеристика рынка, на которой есть возможность заработать. Как правило, рынки эффективны, в связи с этим, поиск рыночных неэффективностей — главная задача любого трейдера.;empirix.ru
Свеча;вертикальный элемент ценового графика, содержащий 4 цены за определенный временной отрезок — см. также Цены OHLC. Свеча состоит из тела, которое образуют цены открытия и закрытия, а также теней — верхней и нижней. Размер тела и теней постоянно варьируется. Могут быть свечи вовсе без теней либо с очень узким телом.;empirix.ru
Свечной график имеет следующий вид. На нем зеленым цветом окрашены свечи, где период торгов окончился с ростом. Красным;с падением. Возможно также окрашивание в белый и черный цвет соответственно.;empirix.ru
Селл;(англ. sell) продажа финансового актива, сделка на продажу.;empirix.ru
Селл-лимит;(англ. sell-limit) отложенный ордер на продажу, находящийся выше рыночных цен.;empirix.ru
Селл-стоп;(англ. sell-stop, s/s) отложенный ордер на продажу, находящийся ниже рыночных цен.;empirix.ru
Сессия торговая;отрезок времени в пределах торгового дня, когда активен тот или иной финансовый центр или регион. Выделяют 3 основные сессии: азиатско-тихоокеанскую, лондонскую (европейскую) и нью-йоркскую (американскую).;empirix.ru
Сетап;(англ. setup) ценовая модель, пригодная для совершения сделки.;empirix.ru
Своп;(англ. swap) см. Овернайт.;empirix.ru
Система торговая;набор торговых правил, согласно которым совершаются сделки на рынке.;empirix.ru
Системный трейдинг;трейдинг, при котором входы и выходы из сделок осуществляются строго по заданным ранее правилам. Никакие интуитивные или иные методы управления сделками не допускаются. Системный трейдинг хоть и может использоваться вручную, но чаще всего, такие подходы автоматизируются и делегируются компьютеру.;empirix.ru
Скальпер;(англ. scalper) активный внутридневной трейдер, использующий скальпинг в качестве торгового подхода.;empirix.ru
Скальпинг;(англ. scalping) вид краткосрочной внутридневной торговли на финансовых рынках, характеризующийся высокой частотой сделок и их небольшим размером.;empirix.ru
Смягчение (стимулирование);экономический курс, направленный на поддержку экономического роста. Обычно это происходит либо путем понижения процентных ставок, печати денег и увеличения государственных расходов, либо через изменение правил кредитования, из-за чего банки получают возможность выдавать больше кредитов. ;empirix.ru
Советник;(англ. expert advisor) торговый робот, компьютеризированный торговый алгоритм, запускаемый на платформе и выполняющий за трейдера все или отдельные торговые действия. Советники создают на языках программирования (популярные языки плюс MQL 4/5), а также в визуальных конструкторах, например, Visual JForex. Визуальное программирование торгового робота не требует от трейдера навыков программирования.;empirix.ru
Сопротивление;горизонтальный или наклонный ценовой уровень, удерживающий цену и не дающий ей расти дальше.;empirix.ru
Спекуляция;вид благородной деятельности на финансовых рынках, заключающийся в получении прибыли на разнице цен на финансовые активы.;empirix.ru
Спекулянт;вид благородного участника финансовых рынков, занимающегося спекуляциями.;empirix.ru
Спот;(англ. spot)  тип расчета между покупателем и продавцом, когда сделка производится немедленно, в отличии от фьючерсов или опционов.;empirix.ru
Спред;(англ. spread) расстояние между ценами Бид и Аск.;empirix.ru
Спред бара;разница между хай и лоу свечи.;empirix.ru
Спрос;желание и возможность участника покупать инструмент по определенной цене.;empirix.ru
Стоп-лосс;(англ. stop-loss, sl) отложенный ордер, фиксирующий запланированный трейдером убыток.;empirix.ru
Стэйтмэнт;(англ. statement) статистика торговых результатов трейдера или фонда.;empirix.ru
Субординированная облигация;долговая ценная бумага, выпускаемая коммерческой организацией и находящаяся рангом ниже остальных ценных бумаг по очереди выплат в случае банкротства или ликвидации организации. Другими словами, при банкротстве или ликвидации организации выплаты сначала направляются в сторону акционеров компании, а уже после (в случае положительного остатка) держателям субординированных облигаций. В отличие от обычной облигации, которая считается одной из наиболее надежных ценных бумаг, субординированная облигация является более рисковой ценной бумагой за счет своей необеспеченности. К выпуску субординированных облигаций предъявляется меньше требований, чем к обычным облигациям. Субординированные облигации за счет повышенного риска предлагают более высокую доходность, чем обычные облигации.;empirix.ru
Счет текущих операций;раздел платежного баланса страны, отражающий экспорт и импорт, а также чистый доход от инвестиций и чистый объем трансфертных платежей. Если страна испытывает дефицит по счету текущих операций, это означает, что она больше совершает платежей за рубежом, чем получает денег из-за рубежа, что почти всегда происходит из-за того, что она импортирует больше товаров и услуг, чем экспортирует. Страна получает капитал/кредит из-за рубежа и/или использует свои сбережения за рубежом, чтобы профинансировать эти расходы. Обратной стороной ситуации является профицит счета текущих операций.;empirix.ru
Таймфрейм;(англ. timeframe) временной промежуток движения цен, отражаемый на графиках в виде одного вертикального элемента.;empirix.ru
Тейк-профит;(англ. take profit, t/p) дословно “взять профит”, отложенный ордер, фиксирующий запланированную трейдером прибыль.;empirix.ru
Тенденция;устойчивое направление движения цены. Называют также тренд. Направление трендов определяют с помощью трендовых индикаторов, например: SMA, EMA, MACD и других.;empirix.ru
Тикер;(англ. ticker) буквенный код (сокращенное название) биржевого или внебиржевого инструмента. К примеру: EUR (евро), BRN (нефть Brent), AAPL (Apple), MSFT (Microsoft) и т. д.;empirix.ru
Тик (англ. tick);обновление цены торгуемого на бирже инструмента. В отличие от пипса тик показывает не единицу изменения котировки, а сам факт изменения, который может произойти и на несколько пипсов в случае отсутствия встречных сделок между уровнями цен. К примеру, если на рынке происходит обновление цены с 105,005 до 105,008, минуя уровни 105,006 и 105,007 (на них не было объемов), то мы говорим, что цена изменилась на 3 пипса за 1 тик.;empirix.ru
Торговый терминал;программа, или некий софт, где трейдер совершает сделки на покупку или продажу финансовых инструментов. Самые популярные торговые терминалы: MetaTrader 4, 5, Quik, JForex.;empirix.ru
Транзакция;(англ. transaction) сделка между двумя участниками финансовых рынков.;empirix.ru
Трейдер;(англ. trader) дословно “торговец”, участник финансовых рынков, стремящийся заработать на разнице цен.;empirix.ru
Трейлинг стоп;(англ. trailing stop) уровень стоп-лосса, который автоматически следует за движением цены на заданном трейдером расстоянии в пунктах.;empirix.ru
Статья на эту тему;“Как трейлинг-стоп влияет на прибыльность”.;empirix.ru
Тренд;устойчивое направление цены либо вверх, либо вниз. Тренд вверх называется бычьим трендом, тренд вниз — медвежьим.;empirix.ru
Тренд считается значимой рыночной аномалией, благодаря которой можно получать прибыли на финансовых рынках. Подробнее об этом;в статье Тренд — лучшее, что вы можете использовать в своей торговле.;empirix.ru
Ужесточение;меры, принимаемые руководством страны, которые приводят к замедлению экономического роста. Например, увеличение процентных ставок, сокращение денежного предложения, снижение государственных расходов, изменение законодательства с целью ограничить банковское кредитование.;empirix.ru
Усреднение;способ управления позициями, при котором объем позиции увеличивается по мере движения цены в сторону против сделки, т.е. по мере увеличения убытка по позиции. Усреднение является одной из главных причин крупных убытков и не рекомендуется к применению (англ. averaging). Известна также поговорка “Losers average losers” (лузеры усредняют убыточные сделки).;empirix.ru
Управляющий капиталом;лицо, занимающееся торговлей доверенными ему денежными средствами за процент от полученной прибыли. Как правило, управляющий капиталом – это человек, имеющий одну или несколько сформированных стратегий торговли на финансовых рынках, который привлекает внешний капитал для увеличения отдачи от своих торговых идей.;empirix.ru
Участник финансовый;так называемый информированный игрок, в задачи которого входит инвестиции, спекуляции и другая профессиональная деятельность, связанная с рынками. К ним относятся хедж-фонды, брокеры-дилеры, центральные банки и т.д.;empirix.ru
Фиатная валюта;привычная валюта, которая используется в любом государстве. Такие валюты не привязаны к золоту или каким-либо другим активам.;empirix.ru
Фиксированный валютный курс;режим валютного курса, при котором государство старается поддерживать фиксированный курс национальной валюты по отношению к какой-либо планке (обычно это другая валюта или золото).;empirix.ru
Флэт;(англ. flat) дословно “плоский”, состояние рынка, при котором нет ярко выраженной тенденции.;empirix.ru
Фондовый рынок;(англ. stock market, equity market) централизованный биржевой рынок, на котором торгуются акции компаний определенной страны. Известные фондовые биржи: Нью-Йорк – NYSE, NASDAQ; Лондон – LSE; Токийская фондовая биржа и т.д.;empirix.ru
Форвард тест;(англ. forward test) тест торговой стратегии, симулирующий работоспособность на «будущих» временных диапазонах. Как правило, тестирование делится на бэктест и форвард тест. Бэктест показывает первоначальную статистику по ТС, форвард же необходим для подтверждения тенденции (прибыльной или убыточной) на бэктесте.;empirix.ru
Форвард или форвардный контракт (англ. forward);двухстороннее обязательство, предметом которого является купля-продажа реального актива в конкретный момент времени за конкретную цену. В отличие от фьючерса форвард чаще используется как внебиржевой инструмент, и он менее стандартизирован.;empirix.ru
Фьючерс или фьючерсный контракт (англ. future);контракт, согласно которому продавец фьючерса обязуется поставить покупателю фьючерса базовый актив по оговоренной цене в конкретную дату. К примеру, если заключить фьючерсный контракт на поставку 100 баррелей нефти на 30 июня по цене поставки в 40 долларов США за баррель, то вне зависимости от рыночной цены на 30 июня (она может быть, к примеру, 5 или 90 американских долларов за баррель), контракт необходимо исполнить по цене 40 долларов США за баррель в оговоренном объеме в 100 баррелей. В отличие от форварда фьючерс является биржевым инструментом, и он более стандартизирован.;empirix.ru
Хедж-фонд;(англ. hedge-fund) финансовый участник рынка, основной целью которого является получение прибыли на различных торговых площадках мира для себя и своих клиентов.;empirix.ru
Хеджер (англ. hedge;ограда) — лицо, занимающееся страхованием рисков. В роли хеджера может выступать предприятие, банк или другое частное лицо. На финансовых рынках хеджеров часто относят к специалистам по фьючерсным рынкам, которые занимаются страхованием рисковых позиций клиента с помощью приобретения производных финансовых инструментов (фьючерсы, форварды, опционы).;empirix.ru
Хеджирование (англ. hedge;ограда) — система мер по страхованию финансовых рисков. Хеджирование включает в себя открытие позиций на одном рынке с целью минимизации рисков неблагоприятного исхода по позициям, открытым на других рынках. В качестве рисков могут рассматриваться: валютные — изменение курса валют; кредитные — неспособность клиентов выплачивать свои обязательства; ценовые — изменение цен приобретенных активов; геополитические — изменение политических настроений в стране по отношению к другим странам; и другие.;empirix.ru
Холдинг;группа компаний, в которой присутствует организация (материнская компания), являющаяся владельцем других компаний группы и контролирующая их деятельность. Владение компанией происходит через владение акциями компании, доля которых позволяет материнской компании осуществлять в ней функции управления и контроля. Холдинг может состоять из разнопрофильных и не связанных друг с другом компаний.;empirix.ru
Цены OHLC;четыре цены, отражаемые на свечах или барах. Это: открытие (open), максимум (high), минимум (low), закрытие (close). На бычьем баре (бар роста) цена закрытия всегда выше цены открытия. На медвежьем баре (бар падения) цена закрытия всегда ниже цены открытия.;empirix.ru
Ценная бумага;документ, удостоверяющий право его владельца на долю совокупного капитала, который был получен в результате первичного размещения ценных бумаг. Другими словами, ценная бумага показывает, какой частью капитала организации владеет конкретное лицо и на каких условиях оно может получить данный капитал. К ценным бумагам относят: акции, облигации, векселя, банковские сберегательные книжки, инвестиционные паи, сберегательные сертификаты, чеки, депозитарные расписки и другие. Права, даваемые ценной бумагой ее владельцу, имеют силу только в случае ее предъявления.;empirix.ru
Центральный банк;организация, которая отвечает за формирование и реализацию денежно-кредитной политики, обеспечение функционирования платежной системы и осуществление контроля за деятельностью финансового сектора страны или группы стран. Центральный банк наделен правом выпуска банкнот национальной валюты, благодаря чему он регулирует предложение денег в экономике. Центральный банк является кредитором последней инстанции, то есть обеспечивает коммерческие банки и другие финансовые организации денежной ликвидностью в чрезвычайных ситуациях или при отсутствии других кредиторов.;empirix.ru
Шорт;(англ. short) дословно “короткая сделка”, сделка на продажу.;empirix.ru
Эквити;(англ. equity) или “кривая доходности”. График, который показывает результативность роста (или падения) кривой доходности финансовой стратегии или инвестиционного портфеля.;empirix.ru
Экспозиция;чистый объем позиции в сторону лонг или шорт. Например: лонг 2000 EUR/USD и шорт 1000 EUR/JPY дают экспозицию 1000 EUR.;empirix.ru
Эмитент;компания или корпорация, которая выпускает акции или облигации от своего имени.;empirix.ru
Эмиссия ценных бумаг;законодательно регламентированная деятельность по размещению ценных бумаг на финансовых рынках. Целью эмиссии ценных бумаг является привлечение дополнительных денежных средств для реализации перспективных проектов или покрытия имеющегося долга. Как правило, эмиссия акций производится для удовлетворения текущих и близлежащих потребностей компании, в то время как эмиссия облигаций предполагает долгосрочное заимствование.;empirix.ru
