SNGS#Нефть и газ#ПАО «Сургутнефтегаз» — российская нефтегазовая компания, занимающая одно из ведущих мест по добыче, переработке и сбыту нефти. На российской арене доля в добыче составляет 11%. На протяжении многих лет предприятие является лидером отрасли по разведочному, эксплуатационному бурению и вводу в эксплуатацию новых добывающих скважин. На предприятии создан первый в России полный цикл производства, переработки газа, выработки на его основе собственной электроэнергии, получения готового продукта.  Структурные подразделения предприятия осуществляют весь комплекс работ по разведке и разработке месторождений, по строительству производственных объектов, по обеспечению экологической безопасности производства и по автоматизации производственных процессов.  Компания ведет деятельность в Западной и Восточной Сибири. Несмотря на то, что большая доля выручки приходится на продажу сырой нефти, Сургутнефтегаз является одним из крупнейших игроков по реализации нефтепродуктов — важная составляющая увеличения добавленной стоимости для роста маржи. Приоритетным направлением компании для ее роста являются геологоразведка с целью увеличения ресурсной базы и создания продуктов с высокой маржинальностью. Ключевыми аспектами являются расширение ресурсной базы компании, увеличение экологических и эксплуатационных характеристик нефти. Акции ПАО «Сургутнефтегаз» торгуются на Московской бирже. По привилегированным акциям компания обязуется выплачивать 10% от чистой прибыли, а по обыкновенным — в зависимости от результатов собрания совета директоров и финансовых показателей компании.
GAZP#Нефть и газ#ПАО «Газпром» — глобальная энергетическая компания, располагает самыми богатыми в мире запасами природного газа. Доля компании в мировых запасах составляет 17%, в российских — 72%. Основные направления деятельности — геологоразведка, добыча, транспортировка, хранение, переработка и реализация газа, газового конденсата и нефти, реализация газа в качестве моторного топлива, а также производство и сбыт тепло- и электроэнергии. В структуру компании входят такие публичные эмитенты как Газпром нефть, Мосэнерго, ТГК-1, ОГК-2. Дивиденды: Компания стремится с 2021 г. выплачивать дивиденды в размере 50% чистой прибыли по МСФО с учетом «неденежных» корректировок. Если долговая нагрузка Группы превысит уровень 2,5 по коэффициенту «Чистый долг/EBITDA», совет директоров имеет возможность предложить размер дивидендов ниже целевых уровней.
MRKC#Электроэнергетика#ПАО «Россети Центр» (ранее «МРСК Центра») — ведущая электросетевая компания России. Компания ведет бизнес на территории 11 областей Центральной части России, обеспечивая электроэнергией население, крупные промышленные компании и предприятия транспорта и сельского хозяйства, социально значимые объекты, осуществляя технологическое присоединение новых потребителей к электрическим сетям. Компания была основана в 2004 г. в процессе реформирования российской электроэнергетики и разделения энергокомпаний по видам деятельности, их последующей региональной интеграции. Сегодня Россети Центр — одна из 14 таких межрегиональных сетевых компаний. Свою деятельность компания ведет в регионах с устойчивыми перспективами экономического роста, что является одним из конкурентных преимуществ.  
LKOH#Нефть и газ#ЛУКОЙЛ — одна из крупнейших вертикально интегрированных нефтегазовых компаний в мире, на долю которой приходится более 2% мировой добычи нефти и около 1% доказанных запасов углеводородов. Большая часть углеводородных запасов компании приходится на месторождения в Западной Сибири. ЛУКОЙЛ занимает одну из главных позиций на мировом рынке производства нефтепродуктов и нефтехимии, поставляя свою продукцию в 27 стран мира. Компания является полностью вертикально-интегрированной, контролируя всю производственную цепочку — от добычи нефти и газа до сбыта нефтепродуктов. 88% запасов и 83% добычи углеводородов приходится на Российскую Федерацию, при этом основная деятельность сосредоточена на территории 4-х федеральных округов — Северо-Западного, Приволжского, Уральского и Южного.
MTSS#Телекоммуникации#Публичное акционерное общество «Мобильные ТелеСистемы» (ПАО «МТС») — ведущая компания в России и странах СНГ по предоставлению услуг мобильной и фиксированной связи, передачи данных и доступа в интернет, кабельного и спутникового ТВ-вещания, провайдер цифровых сервисов, включая финтех и медиа в рамках экосистем и мобильных приложений, поставщик ИТ-решений в области коммуникационных платформ, интернета вещей, автоматизации, мониторинга, обработки данных, облачных вычислений и информационной безопасности. Предоставляя инновационные услуги и решения, МТС вносит значимый вклад в экономический рост и улучшение качества жизни десятков миллионов людей в странах присутствия. В России, Беларуси и Армении услугами мобильной связи Группы МТС пользуются более 88 миллионов абонентов. Крупнейшим акционером МТС является АФК Система.
AFKS#Потребительский сектор#АФК «Система» является одной из самых крупных российских публичных финансовых корпораций. Инвестиционный портфель АФК «Система» состоит преимущественно из российских компаний в различных секторах экономики, включая телекоммуникации, энергетику, розничную торговлю, высокие технологии, лесозаготовку и лесопереработку, фармацевтику, медицинские услуги, железнодорожные перевозки, сельское хозяйство, финансы, масс-медиа и туризм и пр.
NVTK#Нефть и газ#НОВАТЭК является одним из крупнейших независимых производителей природного газа в России. Компания занимается разведкой, добычей, переработкой и реализацией природного газа и жидких углеводородов и имеет двадцатилетний опыт работы в российской нефтегазовой отрасли. Компания позиционирует себя как «ведущий независимый производитель газа». Основные месторождения и лицензионные участки компании расположены в Ямало-Ненецком Автономном Округе (ЯНАО) в Западной Сибири. ЯНАО является крупнейшим в России регионом по добыче природного газа. Стратегия развития компании направлена на: - увеличение добычи углеводородов; - сохранение низкого уровня затрат; - оптимизацию каналов продаж; - расширение мощностей по производству СПГ; - наращивание ресурсной базы; - устойчивое развитие.
FLOT#Транспорт#Современный коммерческий флот (Совкомфлот) — российская судоходная компания, мировой лидер в сфере логистики для морской транспортировки энергоносителей и ведущий поставщик транспортных услуг для международных нефтегазовых компаний. Является главным поставщиком морских услуг для проекта в Арктике и имеет перспективное направление — транспортировка СПГ. Компания планирует выплачивать дивиденды на уровне 50% от чистой прибыли.
MTLR#Металлы и добыча#ПАО «Мечел», основанное в 2003 году, – одна из ведущих мировых компаний в горнодобывающей и металлургической отраслях. В компанию входят производственные предприятия в 11 регионах России, а также в Литве и Украине. «Мечел» объединяет более 20 промышленных предприятий. Это производители угля, железной руды, стали, проката, ферросплавов, тепловой и электрической энергии. Все предприятия работают в единой производственной цепочке: от добычи сырья до продукции с высокой добавленной стоимостью. В состав холдинга также входят три торговых порта, собственные транспортные операторы, сбытовые и сервисные сети. Продукция «Мечела» реализуется на российском и на зарубежных рынках. Дивиденды: Размер годовых дивидендов на одну обыкновенную акцию Общества не определен Уставом Общества. Начиная с 2013 года дивиденд по обыкновенным акциям не выплачивается в связи с высокой долговой нагрузкой.
SNGSP#Нефть и газ#ПАО «Сургутнефтегаз» — российская нефтегазовая компания, занимающая одно из ведущих мест по добыче, переработке и сбыту нефти. На российской арене доля в добыче составляет 11%. На протяжении многих лет предприятие является лидером отрасли по разведочному, эксплуатационному бурению и вводу в эксплуатацию новых добывающих скважин. На предприятии создан первый в России полный цикл производства, переработки газа, выработки на его основе собственной электроэнергии, получения готового продукта.  Структурные подразделения предприятия осуществляют весь комплекс работ по разведке и разработке месторождений, по строительству производственных объектов, по обеспечению экологической безопасности производства и по автоматизации производственных процессов.  Компания ведет деятельность в Западной и Восточной Сибири. Несмотря на то, что большая доля выручки приходится на продажу сырой нефти, Сургутнефтегаз является одним из крупнейших игроков по реализации нефтепродуктов — важная составляющая увеличения добавленной стоимости для роста маржи. Приоритетным направлением компании для ее роста являются геологоразведка с целью увеличения ресурсной базы и создания продуктов с высокой маржинальностью. Ключевыми аспектами являются расширение ресурсной базы компании, увеличение экологических и эксплуатационных характеристик нефти. Акции ПАО «Сургутнефтегаз» торгуются на Московской бирже. По привилегированным акциям компания обязуется выплачивать 10% от чистой прибыли, а по обыкновенным — в зависимости от результатов собрания совета директоров и финансовых показателей компании.
TATN#Нефть и газ#ПАО «Татнефть» – одна из крупнейших российских нефтяных компаний, международно-признанный вертикально-интегрированный холдинг. В состав производственного комплекса нефтяной компании входят: - нефтегазодобыча;  - нефтепереработка;  - нефтехимия; - шинный комплекс;  - сеть АЗС и блок сервисных структур. Татнефть также участвует в капитале компаний финансового (банковского и страхового) сектора. В целях дальнейшего экономического роста, инновационного развития и укрепления своих позиций Татнефть: - успешно реализует программы по стабилизации объемов рентабельной добычи нефти и газа на разрабатываемых лицензионных месторождениях; - активно осваивает новые месторождения, в том числе высоковязкой и трудноизвлекаемой нефти на территории Республики Татарстан; - расширяет ресурсную базу за пределами Республики Татарстан и Российской Федерации; - увеличивает объемы производства и реализации готовых видов продукции высокой конкурентоспособности за счет развития нефтеперерабатывающих и нефтехимических производств; - эффективно формирует и реализует инновационно-направленную инженерно-техническую политику. Во многом, это отражает Стратегию 2030 компании, которая предусматривает аспекты устойчивого роста и обеспечение благоприятных экономических и социальных условий развития бизнеса на основе максимально эффективного использования всех видов ресурсов и создания ценности для заинтересованных сторон на каждом этапе деятельности.
VTBR#Финансы#ВТБ — российский коммерческий банк c государственным участием. Второй по величине активов банк страны и первый по размеру уставного капитала. Основным акционером Банка является Российская Федерация, которой в лице Росимущества. В числе предоставляемых услуг: выпуск банковских карт, ипотечное и потребительское кредитование, автокредитование, услуги дистанционного управления счетами, кредитные карты с льготным периодом, срочные вклады, аренда сейфовых ячеек, денежные переводы. Часть услуг доступна клиентам в круглосуточном режиме, для чего используются современные телекоммуникационные технологии. Группа является стратегическим холдингом, предусматривая единую стратегию развития компаний всей группы в рамках единого бренда, централизованного финансового менеджмента и управления рисками, а также унифицированных систем контроля. 
PLZL#Металлы и добыча#Публичное акционерное общество "Полюс" - крупнейший производитель золота в России и одна из 10 ведущих глобальных золотодобывающих компаний, себестоимость производства, на предприятиях которой является одной из самых низких в мире. «Полюс» обладает вторыми крупнейшими запасами золота в мире (доказанные и вероятные запасы по международной классификации составляют 71 миллион унций) — фундаментом устойчивого роста производства. Основные предприятия компании расположены в Красноярском крае, Иркутской и Магаданской областях, а также в Республике Саха (Якутия) и включают 5 действующих рудников, золотоносные россыпи и ряд проектов в стадии строительства и развития.
EUTR#Нефть и газ#ПАО «ЕвроТранс» (бренд ТРАССА) — один из крупнейших независимых топливных операторов более 26 лет на рынке Московского региона. ЕвроТранс входит в перечень системообразующих предприятий российской экономики, утвержденный Минэкономразвития РФ. Компания владеет и управляет сетью из 55 АЗК под брендом «ТРАССА», Нефтебазой (20 тыс. тонн), Фабрикой-Кухней, Заводом по производству незамерзающей жидкости под собственным брендом, парком бензовозов и развивает сеть быстрых (150кВт) электроАЗС (11 объектов ЭЗС).
FESH#Транспорт#ПАО «Дальневосточное морское пароходство» (FESCO) — одна из крупнейших транспортно-логистических компаний в России с активами в сфере портового, железнодорожного и интегрированного логистического бизнеса. Диверсифицированный портфель активов FESCO позволяет осуществлять доставку грузов «от двери до двери» и контролировать все этапы интермодальной транспортной цепочки. Большая часть операций Группы сосредоточена на Дальнем Востоке России, что позволяет FESCO получать дополнительные преимущества от участия в динамично растущих объемах торговых операций между Россией и странами Азии. FESCO является лидером контейнерных перевозок через Дальний Восток РФ по внешнеторговым морским линиям в/из стран Азии, по каботажным морским линиям и по железной дороге, а также крупнейшим портовым контейнерным оператором Дальневосточного региона.
ROSN#Нефть и газ#ПАО «НК «Роснефть» — лидер российской нефтяной отрасли и крупнейшая публичная нефтегазовая корпорация мира. Для обеспечения устойчивого роста добычи в долгосрочной перспективе Роснефть активно расширяет свою ресурсную базу за счет геологоразведочных работ и новых приобретений. Основными видами деятельности Роснефти являются: - поиск и разведка месторождений углеводородов; - добыча нефти, газа, газового конденсата;  - реализация проектов по освоению морских месторождений;  - переработка добытого сырья;  - реализация нефти, газа и продуктов их переработки на территории России и за ее пределами. Компания удерживает лидирующие позиции по добыче и переработки нефти в российском нефтегазовом секторе. На ее долю приходится 40% от годовой добычи нефти и 35% переработки на территории РФ. На мировом рынке Роснефть входит в число крупнейших представителей отрасли с 6% от мировой добычи. К существенным преимуществам компании относится широкая розничная сбытовая сеть, а также наличие собственных экспортных терминалов как в России, так и за рубежом.
MDMG#Потребительский сектор#ГК «Мать и дитя» является одним из лидеров на крайне привлекательном российском рынке частных медицинских услуг. Сегодня Компания объединяет более 40 современных медицинских, работающих в 27 городах России. Компания предлагает пациентам широчайший спектр медицинских услуг, в том числе по таким востребованным направлениям как кардиология, онкология, травматология, женское здоровье, родовспоможение и педиатрия.
FEES#Электроэнергетика#Публичное акционерное общество "Федеральная сетевая компания - Россети" создано в соответствии с программой реформирования электроэнергетики РФ как организация по управлению Единой национальной (общероссийской) электрической сетью с целью ее сохранения и развития. Компания образована путем присоединения к ПАО ФСК ЕЭС другого ПАО Россети. Основные направления деятельности компании:  управление Единой национальной (общероссийской) электрической сетью; предоставление услуг субъектам оптового рынка электрической энергии по передаче электрической энергии и присоединению к электрической сети; инвестиционная деятельность в сфере развития Единой национальной (общероссийской) электрической сети; поддержание в надлежащем состоянии электрических сетей; технический надзор за состоянием сетевых объектов. 
ALRS#Металлы и добыча#ПАО «АЛРОСА» — лидер алмазодобывающей отрасли мира, российская горнорудная компания с государственным участием. Корпорация занимается разведкой месторождений, добычей, обработкой и продажей алмазного сырья. Основная деятельность сосредоточена в Якутии, а также в Архангельской области и Африке. АЛРОСА добывает 95% всех алмазов России, доля компании в мировом объёме добычи алмазов составляет 25%. Прогнозные запасы АЛРОСА составляют около одной трети общемировых запасов алмазов. Дивиденды: В 2018 г. Набсовет АЛРОСА изменил дивидендную политику в пользу привязки выплат к свободному денежному потоку (FCF). Размер FCF, который будет направлен на выплату дивидендов, зависит от коэффициента Чистый долг/EBITDA. Периодичность выплат составляет 2 раза в год.
MGNT#Потребительский сектор#Магнит — российская компания-ритейлер и одноименная сеть продовольственных магазинов (большая часть из них имеют формат «магазин у дома»). Компания является лидером по количеству продовольственных магазинов и территории их размещения. Сеть магазинов превышает 20 тыс. и является самой крупной в России. Магазины расположены в почти 4 тыс. населенных пунктов. Розничная сеть ведет свою деятельность в мультиформатной модели, что позволяет «Магниту» удовлетворять разные потребности и желания покупателей. В компании создана дистрибьюторская сеть, включающая десятки распределительных центров автотранспортных предприятий.
SIBN#Нефть и газ#ПАО «Газпром нефть» —  вертикально интегрированная нефтяная компания, основными видами деятельности которой являются разведка месторождений углеводородов, добыча и реализация нефти и газа, а также производство и сбыт нефтепродуктов. Компания ориентирована на рост масштабов бизнеса за счет расширения ресурсной базы, интенсификации нефтедобычи и модернизации нефтеперерабатывающих мощностей.
SOFL#Информационные технологии#ПАО «Софтлайн» — российский ИТ-поставщик решений и сервисов в области цифровой трансформации и информационной безопасности, развивающий комплексный портфель собственных продуктов и услуг. Компания нацелена на реализацию программы технологического суверенитета России, производство собственного аппаратного и программного обеспечения, развитие облачных сервисов, а также различных ИТ-услуг, включая услуги по кибербезопасности, заказной разработке и лизинговые услуги.
CHMF#Металлы и добыча#ПАО «Северсталь» — горнодобывающая и металлургическая компания, ориентирована на добычу стали и ее реализацию по большей степени в виде продукции горячекатанного листа, обладая большим спектром продукции. Активы компании расположены в России, Белоруссии, Украине, Латвии, Польше, Италии и Либерии. Цели компании направлены не только на производственную эффективность в виде разрыва в себестоимости продуктов в сравнении с конкурентами, но и на корпоративную культуру и инновационность, что включено в аспекты миссии компании. Как и многие крупные металлургические компании, Северсталь является публичной. С 1993 г. можно было купить акции компании на Московской бирже.
NLMK#Металлы и добыча#Группа НЛМК — лидирующий международный производитель высококачественной стальной продукции с вертикально-интегрированной моделью бизнеса. Добыча сырья и производство стали сосредоточены в низкозатратных регионах, изготовление готовой продукции осуществляется в непосредственной близости от основных потребителей в России и странах ЕС. Компания имеет диверсифицированный продуктовый портфель, обеспечивающий лидерство на локальных рынках и высокую эффективность продаж. Преимущества гибкой производственной цепочки, сбалансированного продуктового ряда, эффективной системы сбыта и обширной географии продаж позволяет группе своевременно реагировать на постоянно изменяющиеся рыночные условия.
SVAV#Машиностроение#Публичное акционерное общество «Соллерс» (Sollers) – это ведущая российская автомобильная компания, работающая в партнерстве с лидерами мировой автоиндустрии. В состав группы СОЛЛЕРС входят:- ООО «УАЗ» (полноприводные автомобили УАЗ)- ООО «СОЛЛЕРС Алабуга» (легкие коммерческие автомобили Sollers Atlant)- ООО «СОЛЛЕРС Карго» (легкие коммерческие автомобили Sollers Argo)- ООО «Автомобильные Индустриальные Технологии» (пикапы Sollers)- предприятия – производители бензиновых, дизельных двигателей и автокомпонентов (ПАО «ЗМЗ», ООО «Литейный завод «РосАЛит», ООО «УАЗ-Автокомпонент», ООО «НИЦ КТ»)- ООО «СОЛЛЕРС Транспортные Решения» (оператор сервисов подписки и управления парком) - Центр продуктового развития СОЛЛЕРС (инжиниринговый центр группы).
LEAS#Финансы# ЛК "Европлан" — крупнейшая лизинговая компания по объему чистых инвестиций в лизинг. Занимается преимущественно финансовым лизингом легкового и грузового автотранспорта, а также спецтехники.  Порядка 90% клиентской базы приходится на представителей малого и среднего бизнеса. Входит в холдинг "ЭсЭфАй", акции которого также обращаются на Мосбирже.                   
SFIN#Финансы#SFI – публичный диверсифицированный инвестиционный холдинг, портфель активов которого состоит из российских компании?, занимающих ведущие места в своих сегментах рынка. SFI объединяет лизинговые, страховые, пенсионные активы, ИТ-стартапы, инвестирует в крупные миноритарные доли промышленных и розничных компаний.
AFLT#Транспорт#ПАО «Аэрофлот» — крупнейший авиаперевозчик России по пассажиропотоку и пассажирообороту, мировой лидер по провозным емкостям между Европой и Азией, один из лидеров европейского рынка. Входит в одноименную группу, которая занимает большую часть российского рынка по пассажиропотоку. Компания в 1989 г. первой из российских авиакомпаний вступила в Международную ассоциацию воздушного транспорта (IATA). В состав группы входят авиакомпании Аэрофлот, Россия, Донавиа, Оренбургские авиалинии, Аврора и Победа. Группа располагает одним из самых молодых самолетных парков в мире, который насчитывает свыше двухсот воздушных судов. Авиакомпания базируется в Москве, в международном аэропорту Шереметьево и входит в число мировых лидеров по обеспечению безопасности полетов. Аэрофлот делает особую ставку на новые информационные технологии как мощное средство повышения качества обслуживания клиентов и экономической эффективности. Ему принадлежит четвертое место по цифровизации среди авиакомпаний мира согласно рейтингу компании по стратегическому консалтингу Bain & Company. Компания осуществляет перспективные проекты, в том числе на основе Big Data, расширяет услугу доступа к интернету на борту. Акции ПАО «Аэрофлот» обращаются на Московской бирже и внебиржевом рынке Франкфуртской фондовой биржи в виде глобальных депозитарных расписок, удостоверяющих права в отношении обыкновенных акций.
MSRS#Электроэнергетика#ПАО «Россети Московский регион» создано в результате реорганизации в форме выделения из ОАО «Мосэнерго». Главный офис находится в г. Москве. В структуру ПАО «Россети Московский регион» (ГК «Россети») входит 8 филиалов, в группу компаний Общества — 3 дочерних общества. Основными видами деятельности Общества являются оказание услуг по передаче и распределению электроэнергии, технологическое присоединение потребителей к электрическим сетям.    
LENT#Потребительский сектор#Лента — российская сеть гипермаркетов. Компания была основана в 1993 году в Санкт-Петербурге. По состоянию на 30 сентября 2021 года под управлением «Ленты» находилось 255 гипермаркетов и 419 супермаркетов общей торговой площадью более 1,7 млн кв. м в 88 городах России. Компания оперирует двенадцатью распределительными центрами. Компания имеет более 15,8 миллионов активных держателей карт лояльности. 97% всех продаж в магазинах «Ленты» осуществляются с использованием таких карт.
SMLT#Строительство#ПАО ГК «Самолет» - самая быстрорастущая публичная компания в России по итогам 2021 года и одна из крупнейших федеральных корпораций в сфере proptech и девелопмента. В периметре группы развиваются следующие бизнес-направления: онлайн-платформа сервисов с недвижимостью «Самолет+», управляющая компания, фонды коммерческой и арендной недвижимости, девелопмент проектов во всех сегментах по всей России, ИЖС, курортная недвижимость и другие. На конец 2021 года внешняя оценка активов достигла 532,9 млрд руб., включая земельный банк объемом 29,0 млн кв. м реализуемой площади и бренд стоимостью 34,3 млрд руб. Группа входит в число системообразующих организаций российской экономики и занимает 1-е место в Московском регионе по объемам текущего строительства и 2-е место в России. Имеет представительства в более чем 100 городах России и стран СНГ и штат около 5 000 сотрудников. Миссия компании – создавать новое качество жизни в современных городских кварталах и сохранять людям самый ценный ресурс – время.
APTK#Финансы#ПАО «Аптечная сеть 36,6» — крупная российская аптечная сеть, основанная в 1991 году. Аптечная сеть 36,6 — национальный лидер в области розничной торговли товарами для красоты и здоровья. Компания является одним из крупнейших национальных игроков в области розничной торговли товарами для красоты и здоровья, входит в список системообразующих предприятий.
BSPB#Финансы#ПАО Банк Санкт-Петербург — один из крупнейших региональных банков России основан в 1990 году, осуществляющий свою деятельность на территории Санкт-Петербурга, Ленинградской области, Москвы, Калининграда. По результатам ежегодной финансовой отчетности Банк в течение последнего десятилетия демонстрирует устойчивость и стабильность на всех основных рынках финансовых услуг. Банк является участником Системы страхования вкладов — все вклады, размещённые в нашем банке, находятся под надёжной защитой государства. Дивиденды: В целом, за период 2014-2018 гг. Банк Санкт-Петербург направлял на выплату дивидендов 20% чистой прибыли по РСБУ. С декабря 2018 г. на выплату дивидендов будет направляться не менее 20% чистой прибыли по МСФО.
TRMK#Металлы и добыча#ПАО "Трубная металлургическая компания" (ТМК) — ведущий поставщик стальных труб, трубных решений и сопутствующих сервисов для различных секторов экономики. ТМК производит нарезные трубы, включая специальные трубы и трубопроводные системы, и другую продукцию для энергетики, химической промышленности, машиностроения, строительства и других отраслей. Обладает широкими компетенциями в машиностроительном сегменте, поставляет инженерные решения для энергетических и металлургических производств, а также разрабатывает новую линейку продукции для водородной энергетики. ТМК объединяет производственные площадки и торговые представительства в России и за рубежом. Компании также принадлежат нефтесервисные предприятия, объединенные в рамках «ТМК Нефтегазсервис». Компания сочетает поставки продукции с широким комплексом сервисных услуг по подбору трубной продукции, включая разработку новейших образцов, а также по ее сопровождению, складированию и ремонту.
LSNGP#Электроэнергетика#ПАО «Россети Ленэнерго» – одна из крупнейших распределительных сетевых компаний страны. С 2005 года, в результате реформы энергетической отрасли, основными функциями «Ленэнерго» являются передача электрической энергии по сетям 110-0,4 кВ, а также присоединение потребителей к электрическим сетям на территории Санкт-Петербурга и Ленинградской области. Сегодня «Ленэнерго» ставит перед собой две генеральные цели: надежное, качественное энергоснабжение потребителей и оперативное, недискриминационное технологическое присоединение к сетям. Дивиденды: Согласно Уставу Общества, решение о выплате дивидендов принимается при наличии чистой прибыли по итогам финансового периода и устанавливается в размере 10% чистой прибыли Общества по итогам последнего финансового года, определенной пропорционально числу реализованных привилегированных акций. Выплаты по привилегированным акциям более стабильны по сравнению с обыкновенными. 
HNFG#Прочее#Henderson — федеральная сеть салонов мужской одежды на российском рынке с 30-летней историей. Henderson — лидер среди ритейлеров мужской одежды в РФ и ключевой игрок в период трансформации рынка. Ключевые факторы бизнеса:   160 салонов в более 60 городах Более 18 млн посетителей в год (более 10,5 млн посетителей оффлайн и 7,5 млн онлайн) Более 5 млн единиц продаж продукции в год (по состоянию на 31.07.2023 г. за последние 12 месяцев)   Клиентская база и потенциал развития: * Более 1,5 млн лояльных покупателей, покрываемых через все каналы продаж (салоны, онлайн, маркетплейсы Wildberries, Lamoda , Ozon и собственный сервис click&collect  Работа с производителями лучших мировых брендов Покрытие различных стилевых и ценовых сегментов Большой потенциал роста доли рынка в условиях ухода иностранных брендов Реализация стратегии «переоткрытия» старых магазинов с увеличением ассортиментной матрицы, продемонстрировавшей снижение периода окупаемости магазина на более чем 30% Стратегические взаимоотношения с поставщиками из Азии, Европы и России Внутреннее дизайнерское бюро 
MBNK#Финансы#МТС Банк (ПАО «МТС-Банк») — цифровой коммерческий банк с более чем 30-летней историей, оказывает широкий спектр услуг частным лицам и компаниям. В настоящее время входит в число 25 крупнейших банков России по величине активов. В своей стратегии МТС Банк делает ставку на быстрый рост розничного бизнеса и услуг для малого и среднего предпринимательства, а также на сочетание удобства и функциональности цифровых каналов с физической доступностью своих офисов по всей России. 
SBERP#Финансы#Сбербанк — один из системообразующих банков российской банковской системы, крупнейшая кредитная организация по размеру активов в РФ. Сбербанк занимает более 30% от банковской системы РФ и выступает главным аккумулятором средств клиентов. В секторе кредитования на долю банка приходится свыше 40% от общего выданных займов, а клиентская база насчитывает более миллиона предприятий. Банк активно реализует инновационные программы в финансовой сфере и выступает одним из наиболее передовых представителей отрасли.
KGKC#Электроэнергетика#Публичное акционерное общество «Курганская генерирующая компания» является основным производителем электрической и тепловой энергии в Зауралье. Приоритетным направлением деятельности ПАО «КГК» является создание современного востребованного производства электро- и теплоэнергии на базе передовых технологий, развитие теплосетевого комплекса, формирование условий для привлечения инвестиций, повышение уровня экологической безопасности, улучшение условий труда и производства. В генерирующей компании трудится почти 2,6 тысяч человек.
DELI#Прочее#ПАО «Каршеринг Руссия» (оказывает услуги под брендом Делимобиль) — лидер каршеринга в России. В Москве он занимает 50% рынка, в стране — порядка 40%. Сервис представлен преимущественно в крупных городах — Москва, Санкт-Петербург, Екатеринбург, Ростов-на-Дону, Казань. Парк превышает 24 тыс. машин, а число пользователей — 9 млн. Компания уже утвердила дивполитику — на выплаты будут направлять не менее 50% чистой прибыли по МСФО, если отношение Чистого долга к EBITDA будет менее 3х.
WUSH#Прочее#Публичное акционерное общество "ВУШ Холдинг". Whoosh – технологическая компания, разработавшая собственную платформу краткосрочной аренды самокатов (кикшеринга) и ставшая лидером российского рынка. Парк компании составляет десятки тысяч электросамокатов в 40 городах России и СНГ, база зарегистрированных пользователей – более 10 млн человек.
HYDR#Электроэнергетика#Группа «РусГидро» — один из крупнейших российских энергетических холдингов. Компания является лидером в производстве энергии на базе возобновляемых источников, развивая генерацию на основе энергии водных потоков, морских приливов, ветра и геотермальной энергии. РусГидро объединяет научно-исследовательские, проектно-изыскательские, инжиниринговые организации, а также розничные энергосбытовые компании. Компания играет системообразующую роль в экономике страны, одновременно являясь: - инфраструктурной компанией, поддерживая ключевые для жизнедеятельности страны системы общего пользования и обеспечивающей их функционирование и безопасность;- инструментом государственной политики, позволяющим решать комплексные социально-экономические задачи территориального развития государства;  - коммерческим предприятием, призванным обеспечить рост стоимости компании для своих акционеров и гарантировать приемлемую норму доходности акционерам Акции компании торгуются на Московской бирже.
SPBE#Финансы#ПАО «СПБ Биржа» - ведущий организатор торгов ценными бумагами международных компаний на российском финансовом рынке. Основана в 1997 году. Компания занимает первое место в России по объемам торгов и количеству доступных инструментов в торговле иностранными ценными бумагами. По состоянию на 30 июня 2021 г. платформа компании обеспечивала доступ к торгам 1 667 акциями мировых компаний и 78 депозитарными расписками, большая часть которых имеет первичный листинг на Нью-Йоркской фондовой бирже или Nasdaq. По итогам 2020 г. количество активных счетов на платформе достигло 954 тыс. (рост на 498%). На октябрь 2021 г. их число выросло до 1,47 млн. Всего зарегистрированных клиентских счетов более 16 млн.
KMAZ#Машиностроение#ПАО «КАМАЗ» - крупнейшая автомобильная корпорация РФ представляющая собой автомобилестроительное производство полного цикла, объединяющее металлургическое, кузнечное, прессово-рамное, механосборочное, специального машиностроения и инструментальное производства со всеми необходимыми объектами энергетического и вспомогательного назначения. В состав группы технологической цепочки входит несколько крупных заводов автомобильного производства. Основное производство расположено в городе Набережные Челны Республики Татарстан. Входит в состав Госкорпорации «Ростех». На начало февраля 2017 года на Автомобильном заводе «КАМАЗа» собрано более 2 млн. 208 тысяч готовых автомобилей с начала выпуска. Уставный капитал «КАМАЗа» составляет 35,36 млрд. рублей. Самые крупные пакеты акций принадлежат государству и коммерческим банкам.
MAGN#Металлы и добыча#ПАО «Магнитогорский металлургический комбинат» входит в число крупнейших мировых производителей стали и занимает лидирующие позиции среди предприятий черной металлургии России. Активы компании в России представляют крупный металлургический комплекс с полным производственным циклом, начиная с подготовки железорудного сырья и заканчивая глубокой переработкой черных металлов. ММК производит широкий ассортимент металлопродукции, подавляющая доля которой имеет высокую добавленную стоимость.
ABRD#Потребительский сектор#Завод шампанских вин «Абрау-Дюрсо» — крупнейший в России производитель, выпускающий игристое вино, как по классической технологии шампанизации, так и резервуарным методом. В 2007 году получает статус открытого акционерного общества, которое в 2015 году было преобразовано в публичное акционерное общество. Располагается в посёлке Абрау-Дюрсо Краснодарского края.
VGSBP#Электроэнергетика#Основным видом деятельности ПАО «Волгоградэнергосбыт» является оптовая покупка и реализация электрической энергии на розничном рынке промышленным и прочим потребителям, в том числе, социально-значимым организациям и населению на территории Волгоградской области на основе договоров энергоснабжения (купли- продажи электрической энергии)
SGZH#Прочее#Segezha Group — вертикально-интегрированный лесопромышленный холдинг с полным циклом лесозаготовки и глубокой переработки древесины. В составе холдинга — российские и европейские предприятия лесной, деревообрабатывающей, целлюлозно-бумажной промышленности, а также предприятия по производству бумажной упаковки. Активы ГК «Сегежа» расположены в 11 странах. В структуре управляющей компании создано 5 бизнес дивизионов:- Бумага и упаковка- Финера и плиты- Пиломатериалы- Лесозаготовка- КДК и домокомплекты
SVCB#Финансы#Совкомбанк — универсальный системно значимый банк, входящий в топ-10 банков по размеру активов с долей рынка 1,6%. Совкомбанк был основан в 1990 году. Банк присутствует во всех ключевых сегментах финансового бизнеса. 
RTKM#Телекоммуникации#ПАО «Ростелеком» — одна из крупнейших в России и Европе телекоммуникационных компаний национального масштаба, присутствующая во всех сегментах рынка услуг связи и охватывающая миллионы домохозяйств в России. Компания — признанный технологический лидер в инновационных решениях в области электронного правительства, облачных вычислений, здравоохранения, образования, безопасности, жилищно-коммунальных услуг. Ростелеком занимает ведущие позиции на российском рынке услуг ШПД и платного телевидения. Компания является лидером рынка телекоммуникационных услуг для органов государственной власти России и корпоративных пользователей всех уровней. Контрольный пакет акций находится под контролем государственных структур, в связи с чем Ростелеком активно участвует в государственных мероприятиях в области информационных технологий. Компания является ключевой в рамках реализации национальной программы «Цифровая экономика». Стратегические приоритеты компании включают в себя существенную вовлеченность в реализацию государственных инициатив, а также активное развитие и внедрение инновационных технологий. Стабильное финансовое положение компании подтверждено кредитными рейтингами: агентства Fitch Ratings на уровне «BBB-», агентства Standard & Poor’s на уровне «BB+», а также агентства АКРА на уровне «AA(RU)».
IRAO#Электроэнергетика#ПАО «Интер РАО» - российская энергетическая компания, управляющая активами в России, а также в странах Европы и СНГ. В сферу деятельности Интер РАО входит производство и сбыт электрической и тепловой энергии, международный энергетический трейдинг, инжиниринг, проектирование и строительство энергообъектов. Также под контролем Интер РАО - ряд энергетических компаний за рубежом, включая тепловые и гидроэлектростанции, электросетевые и энерготрейдинговые компании. Группа «Интер РАО» — диверсифицированный энергетический холдинг, управляющий активами в России, а также в странах Европы и СНГ. Деятельность группы охватывает:  Производство электрической и тепловой энергии Энергосбыт Международный энерготрейдинг Инжиниринг, экспорт энергооборудования Управление распределительными электросетями за пределами РФ  Дивиденды: Согласно Положению о дивидендной политике Совет директоров Общества нацелен на обеспечение постепенного роста дивидендных выплат акционерам и доведение размера дивидендов до уровня 25% от консолидированной прибыли Общества, определяемой по результатам отчетного года на основе консолидированной финансовой отчетности Общества, составленной согласно МСФО. По результатам 2018 года принята рекомендация выплатить дивиденды в размере 17,918 млрд рублей, что составляет 25% размера чистой прибыли, рассчитанной по международным стандартам финансовой отчётности (0,1716 руб. на акцию)
OGKB#Электроэнергетика#ПАО «ОГК-2» - крупнейшая российская компания тепловой генерации установленной мощностью 18,958 ГВт и годовой выручкой около 112 млрд рублей. Основными видами деятельности ПАО «ОГК-2» являются производство и продажа электрической и тепловой энергии. Основным рынком сбыта является оптовый рынок электрической энергии (мощности). В рамках инвестиционной программы построено 2,936 ГВт новой мощности, подтвержденных договорами о предоставлении мощности (ДПМ). При выборе оборудования приоритет отдан высокоэффективным технологиям парогазового цикла и современным технологиям сжигания угля. В 2016 г. объем выработки на ДПМ-блоках составил 20% от общего объема. Примерный топливный баланс: газ – 65,2%, уголь – около 34,7%. Средний КИУМ – 41%
RUSI#Потребительский сектор#ПАО "ИК РУСС-ИНВЕСТ" является многопрофильной инвестиционной компанией. Работает на фондовом рынке России с 1992 г.  В компании сформирован широкий спектр услуг для клиентов: брокерское обслуживание, доверительное управление, интернет-трейдинг, услуги для субброкеров и агентов, депозитарное обслуживание, выпуск ценных бумаг, корпоративное финансирование, финансовое консультирование , реализация венчурных проектов и др.  
POLY#Металлы и добыча#Solidcore Resources (ранее Polymeytal) — ведущий производитель золота в Казахстане, акции которого котируются на Международной бирже Астаны и Московской фондовой бирже. В портфеле Solidcore два добывающих золотых рудника и впечатляющий проект роста.
AQUA#Потребительский сектор#ПАО «ИНАРКТИКА» (ранее Русская Аквакультура) является управляющей Компанией группы, лидирующей в сегменте производства атлантического лосося и форели в России. Ключевые направления деятельности группы под управлением Компании включают: - товарное выращивание атлантического лосося и морской форели в акватории Баренцева моря в Мурманской области- товарное выращивание форели в озерах Республики Карелия. Развитие аквакультуры является стратегическим направлением деятельности Компании.
TGKN#Электроэнергетика#Публичное акционерное общество «Территориальная генерирующая компания №14» создано 7 декабря 2004 г. Главная цель создания компании – эффективная работа на конкурентном оптовом рынке электроэнергии и в сфере теплоснабжения потребителей Забайкальского края и Республики Бурятия. Компания одной из первых ТГК России начала свою операционную деятельность. В 2006 году было завершено преобразование Общества в полноценную генерирующую компанию. ПАО «ТГК-14» обеспечивает тепловой энергией потребителей на территории Забайкальского края и Республики Бурятия – субъектов Российской Федерации, входящих в состав Сибирского федерального округа. В составе ПАО «ТГК-14» 7 ТЭЦ, 2 энергетических комплекса с установленной электрической мощностью 649,57 МВт и тепловой мощностью 3 120,77 Гкал/ч. На сегодняшний день 39,81% принадлежит ООО «Энергопромсбыт», 20,00% - ЗАО «Управляющая компания Трансфингруп», 20,549% - ЗАО «Управляющая компания Тринфико» и 14,71% – другие юридические и физические лица.
GTRK#Транспорт#Globaltruck – один из крупнейших автомобильных грузовых FTL-перевозчиков в России. Компания является бесспорным лидером на рынках Урала и Сибири и вторым FTL-перевозчиком на российском рынке по размеру парка. Globaltruck осуществляет грузовые перевозки по российским и международным маршрутам, а также оказывает услуги по экспедированию грузов. Маршрутная сеть Globaltruck охватывает центральные регионы России, Урал, Сибирь, Дальний Восток, кроме того, компания осуществляет доставку грузов между Россией и странами Евросоюза. Операционная деятельность осуществляется на базе 11 подразделений, расположенных в Екатеринбурге, Новосибирске, Магнитогорске, Ногинске (Московская область), Перми, Омске, Челябинске, Самаре, Уфе, Чебоксарах и Тюмени. Компания Globaltruck имеет шесть сертифицированных центров технического обслуживания и ремонта, расположенных на ключевых маршрутах – в Магнитогорске, Екатеринбурге, Ногинске, Новосибирске, Перми и Омске.
MRKP#Электроэнергетика#Публичное акционерное общество «Россети Центр и Приволжье» - дочерняя компания ПАО «Россети» - основной поставщик услуг по передаче электроэнергии и технологическому присоединению к электросетям во Владимирской, Ивановской, Калужской, Кировской, Нижегородской, Рязанской, Тульской областях, а также в Республике Марий Эл и Удмуртской Республике. ПАО «Россети Центр и Приволжье» (ранее - ОАО «МРСК Центра и Приволжья») зарегистрировано в Нижнем Новгороде 28 июня 2007 года. Территория ответственности компании составляет 408 тыс. км с населением 12,8 млн человек. Численность персонала – около 22,3 тыс. человек. Под управлением ПАО «Россети Центр и Приволжье» находится 271,2 тыс. км воздушных и кабельных линий электропередачи, 1553 подстанции 35-220 кВ, 63,2 тыс. трансформаторных подстанций 6-35/0,4 кВ и распределительных пунктов 6-10 кВ. Общая мощность этих энергообъектов превышает 42,2 тыс. МВА.
DIOD#Прочее#ПАО «ДИОД» считается основателем рынка природных нелекарственных средств в России. Основные направления деятельности компании – это разработка и выпуск натуральных нелекарственных и лекарственных препаратов, лечебной активной косметики, медицинской и экологической техники, инновационных субстанций, направленных на профилактику и лечение социально-значимых заболеваний. Компания ДИОД проводит масштабную научную и исследовательскую работу, постоянно внедряет в производство инновационные технологии. Клинические и доклинические исследования продукции осуществляются совместно с крупнейшими научными институтами, центрами и клиниками: ГНИЦ профилактической медицины, НЦССХ имени Бакулева, Институтом авиационной и космической медицины, Медицинским радиологическим научным центром, Военно-медицинской академией имени Кирова, Главным военным клиническим госпиталем имени Бурденко и другими.
NKNC#Нет данных#ПАО «Нижнекамскнефтехим» - одна из крупнейших нефтехимических компаний Европы, занимает лидирующие позиции по производству синтетических каучуков и пластиков в Российской Федерации. Входит в Группу компаний ТАИФ. Основные производственные мощности расположены в г. Нижнекамске, Татарстан. Компания основана в 1967 году.   В ассортименте выпускаемой продукции - более ста наименований. Основу товарной номенклатуры составляют:  - синтетические каучуки общего и специального назначения;  - пластики: полистирол, полипропилен и полиэтилен;  - мономеры, являющиеся исходным сырьем для производства каучуков и пластиков;  - другая нефтехимическая продукция (окись этилена, окись пропилена, альфа-олефины, поверхностно-активные вещества и т.п.).  Компания занимает ведущую позицию среди отечественных производителей синтетических каучуков, пластиков и этилена. Дивиденды: В целом, за период 2006-2015 гг. НКНХ направляла на выплату дивидендов 30% чистой прибыли по РСБУ. За  2016 и 2017 гг. компания воздерживалась от выплаты дивидендов, чтобы создать финансовую базу, которая помогла решить вопросы финансирования всех четырех этапов строительства нового производства этилена. В июне 2018 г. менеджмент компании сообщил что НКНХ может вернуться к выплате дивидендов по итогам 2018 г.
GCHE#Потребительский сектор#ПАО «Группа Черкизово» - российская продовольственная компания. Является крупным производителем и переработчиком мяса птицы, свинины и комбикормов. Компании принадлежат такие бренды, как «Петелинка», «Куриное царство», «Васильевский бройлер» и другие. В структуру Группы «Черкизово» входит 8 птицеводческих комплексов полного цикла общей мощностью 400 тыс. тонн в живом весе в год, 14 современных свинокомплексов общей мощностью 180 тыс. тонн в живом весе в год, 6 мясоперерабатывающих предприятий общей мощностью 190 тыс. тонн в год, а также 6 комбикормовых заводов общей мощностью около 1,4 млн тонн в год, элеваторы мощностью свыше 700 тыс. тонн единовременного хранения и более 140 тыс. га сельскохозяйственных земель.
RUAL#Металлы и добыча#РУСАЛ – крупнейший в мире производитель алюминия и один из крупнейших производителей глинозема. Компания создана в 2000 году. В марте 2007 года в результате объединения РУСАЛа и СУАЛа с глиноземными активами швейцарской Glencore была образована Объединенная компания РУСАЛ. Основную  часть продукции компании составляют первичный алюминий, алюминиевые сплавы, фольга и глинозем. Активы РУСАЛа включают в себя весь комплекс предприятий, задействованных в цепочке производства конечного продукта, от горнодобывающих комбинатов до алюминиевых и фольгопрокатных заводов. Это позволяет компании контролировать все этапы производственного процесса, обеспечивая высокое качество продукции.  Доступ к богатым месторождениям бокситов позволяет РУСАЛу обеспечивать свое производство собственным сырьем как минимум на ближайшие 100 лет. Активы РУСАЛа расположены в 13 странах на пяти континентах.
BRZL#Металлы и добыча#ОАО Бурятзолото — крупная золотодобывающая компания с долгосрочными планами развития, ведущая активную геологоразведку. Компания управляет двумя рудниками подземной добычи – «Ирокинда» и «Холбинский», которые находятся в Муйском районе, в 75 км от города Таксимо, и в Окинском районе, в 400 км от города Иркутск.  Рудник «Ирокинда» ведет отработку месторождения Ирокиндинское. Рудник «Холбинский» отрабатывает Зун-Холбинское, Пионерское и Правобережное месторождения. 
MRKS#Электроэнергетика#Публичное акционерное общество «Россети Сибирь» — дочернее общество ПАО «Россети», осуществляет передачу и распределение электроэнергии на территориях республик Алтай, Бурятия, Тыва и Хакасия, Алтайского, Забайкальского, Красноярского краев, Кемеровской и Омской областей. Общество обслуживает 1,7 млн условных единиц и управляет 252 тыс. км. линий электропередачи, 58 тыс. подстанций трансформаторной мощностью более 45 тыс. МВА. Территория присутствия – 1,85 млн кв. км.  
RTKMP#Телекоммуникации#ПАО «Ростелеком» — одна из крупнейших в России и Европе телекоммуникационных компаний национального масштаба, присутствующая во всех сегментах рынка услуг связи и охватывающая миллионы домохозяйств в России. Компания — признанный технологический лидер в инновационных решениях в области электронного правительства, облачных вычислений, здравоохранения, образования, безопасности, жилищно-коммунальных услуг. Ростелеком занимает ведущие позиции на российском рынке услуг ШПД и платного телевидения. Компания является лидером рынка телекоммуникационных услуг для органов государственной власти России и корпоративных пользователей всех уровней. Контрольный пакет акций находится под контролем государственных структур, в связи с чем Ростелеком активно участвует в государственных мероприятиях в области информационных технологий. Компания является ключевой в рамках реализации национальной программы «Цифровая экономика». Стратегические приоритеты компании включают в себя существенную вовлеченность в реализацию государственных инициатив, а также активное развитие и внедрение инновационных технологий. Стабильное финансовое положение компании подтверждено кредитными рейтингами: агентства Fitch Ratings на уровне «BBB-», агентства Standard & Poor’s на уровне «BB+», а также агентства АКРА на уровне «AA(RU)».
TGKB#Электроэнергетика#Открытое акционерное общество «Территориальная генерирующая компания №2» (ТГК-2) создано в апреле 2005 года. ТГК-2 является одной из крупнейших теплоэнергетических компаний Северо-Западного и Центрального федеральных округов России. ТГК-2 занимается производством электрической и тепловой энергии и реализацией тепла (пара и горячей воды) потребителям. Предприятия компании расположены в Архангельской, Вологодской, Костромской, Новгородской и Ярославской областях РФ, и в г Скопье (Македония). Производственные активы ТГК-2 включают в себя:  12 ТЭЦ 8 котельных 5 предприятия тепловых сетей  Численность сотрудников компании: около 5000 специалистов.
IVAT#Прочее#ПАО «ИВА» (IVA Technologies) - ведущий разработчик экосистемы корпоративных коммуникаций. В экосистеме компании – 14 продуктов и решений, развивающихся на основе единого суперприложения, в том числе: корпоративный мессенджер IVA Connect, платформа видеоконференцсвязи (ВКС) IVA MCU, видеотерминалы IVA Room и IVA Largo и др.
MGTSP#Телекоммуникации#ПАО МГТС («Московская городская телефонная сеть») — главный оператор связи в Москве, находится в авангарде этого процесса и задает планку для всего рынка. Чтобы передовые телекоммуникационные сервисы стали доступны, необходима высокоскоростная сеть передачи данных. МГТС вышла на завершающий этап реализации масштабного проекта по строительству волоконно-оптической сети GPON в Москве. Жители и компании города пользуются инновационными сервисами на ее базе. В 2015 году большинство домов столицы подключены к оптической сети, что открывает новые перспективы. Сеть МГТС является цифровой платформой «умного дома», «умного офиса», «умного города». И я рад, что наша компания, история которой насчитывает более 130 лет, вновь получила возможность сделать жизнь города и его жителей удобнее, безопаснее и интереснее.  
MRKZ#Электроэнергетика#ПАО «Россети Северо-Запад» – основной оператор, оказывающий услуги по передаче электроэнергии и присоединению к электросетям в Архангельской, Вологодской, Мурманской, Новгородской, Псковской областях, Республике Карелия и Республике Коми.  Территория обслуживания компании - 1,4 млн кв. км с населением около 5,8 млн человек. Общая протяженность воздушных и кабельных линий электропередачи составляет 177,8 тыс. км. Количество подстанций 35 кВ и выше, состоящих на балансе, – 1 180 шт, установленная мощность силовых трансформаторов подстанций составляет 19,52 тыс. МВА. «Россети Северо-Запад» осуществляет свою деятельность на территории 7 субъектов федерации, расположенных в Северо-Западном регионе: Республика Карелия, Республика Коми, Архангельская область, Вологодская область, Мурманская область, Новгородская область, Псковская область. Уставный капитал составляет 9,5786 млрд. рублей. 55,38 % акционерного капитала компании принадлежит ПАО «Российские сети». 
ZILL#Машиностроение#ЗИЛ (Завод имени Лихачёва) — одна из старейших автомобилестроительных компаний России. Полное наименование — Публичное акционерное общество «Завод имени И. А. Лихачёва» (до 2015 года — Открытое акционерное московское общество «Завод имени И. А. Лихачёва»), официальное сокращённое наименование — АМО ЗИЛ. Компания являлась одним из лидеров в производстве грузовых автомобилей и спецтехники. 
LSNG#Электроэнергетика#ПАО «Россети Ленэнерго» – одна из крупнейших распределительных сетевых компаний страны. С 2005 года, в результате реформы энергетической отрасли, основными функциями «Ленэнерго» являются передача электрической энергии по сетям 110-0,4 кВ, а также присоединение потребителей к электрическим сетям на территории Санкт-Петербурга и Ленинградской области. Сегодня «Ленэнерго» ставит перед собой две генеральные цели: надежное, качественное энергоснабжение потребителей и оперативное, недискриминационное технологическое присоединение к сетям. Дивиденды: Дивиденды по обыкновенным акциям выплачиваются только в случае выплаты в полном объеме в соответствии с Уставом Общества дивидендов по привилегированным акциям. Для обыкновенных акций дивидендные выплаты имеют место быть при выполнении одновременно следующих критериев:  наличие чистой прибыли по итогам финансового периода; наличие чистой прибыли по итогам финансового периода без учета переоценки финансовых вложений; соотношение долг (на конец периода) к показателю EBITDA (расчет показателя производится на основании действующего положения о кредитной политике) меньше трех - при невыполнении данного критерия приоритетом перед выплатой дивидендов является погашение заемных средств. чистая прибыль по итогам финансового периода (без учета переоценки финансовых вложений), полученная с учетом установленных в отношении компании долгосрочных параметров регулирования больше чистой прибыли направляемой на дивиденды по привилегированным акциям; 
TGKA#Электроэнергетика#ПАО «ТГК-1» – ведущий производитель электрической и тепловой энергии в Северо-Западном регионе России. Объединяет 53 электростанции в четырех субъектах РФ: Санкт-Петербурге, Республике Карелия, Ленинградской и Мурманской областях. Девятнадцать из них расположены за Полярным кругом. Установленная электрическая мощность составляет 7 ГВт, тепловая – 14,5 тыс. Гкал/час. По сравнению с другими генерирующими компаниями России «ТГК-1» обладает уникальной структурой производственных активов. 40% ее установленной мощности приходится на гидрогенерацию. Это 40 ГЭС общей мощностью около 3 000 МВт. 13 ТЭЦ – стратегические источники тепловой энергии для жителей и предприятий Санкт-Петербурга, Петрозаводска, Мурманска, Кировска и Апатитов Мурманской области. Их совокупная установленная электрическая мощность составляет 4000 МВт.
DVEC#Электроэнергетика#ПАО «ДЭК» является основным Гарантирующим поставщиком электроэнергии для населения и предприятий II неценовой зоны оптового рынка электроэнергии, а также имеет статус Единого Закупщика, выполняющего функцию покупки и продажи электроэнергии участникам оптового рынка второй неценовой зоны. Как Единый Закупщик электроэнергии, компания ежегодно покупает порядка 31,6 миллиарда киловатт-часов, что составляет 100% отпуска электроэнергии поставщиками оптового рынка II неценовой зоны. Компания образована путем слияния региональных энергосистем Дальнего Востока и осуществляет деятельность на территории Приморья, Хабаровского края, Амурской области, ЕАО.
MSTT#Строительство#ПАО «Мостотрест» — первый в России интегрированный диверсифицированный холдинг, оказывающий полный спектр услуг в инфраструктурном строительстве, ведущая компания Российской Федерации на рынке строительства транспортной инфраструктуры по объему выручки в части работ, выполненных своими силами, по данным независимого отраслевого консультанта EMBS Group. Компания была основана в 1930 году как Всесоюзный трест по строительству внеклассных и больших мостов «Мостотрест». За годы своей деятельности компания построила и реконструировала более 7 700 различных инфраструктурных объектов — мостов, путепроводов, тоннелей и транспортных развязок. «Мостотрест» специализируется на строительстве и реконструкции автодорожных, железнодорожных и городских мостов, дорог, а также других инженерных сооружений; оказании сервисных услуг по эксплуатации, содержанию и ремонту автомобильных дорог и мостов; инвестировании в инфраструктурные проекты.
AKRN#Нет данных#ПАО «Акрон» — один из ведущих вертикально интегрированных производителей минеральных удобрений в России и мире. «Акрон» производитель сложных удобрений NPK в России, входит в пятерку мировых лидеров по производственным мощностям. В группу компаний также входят два химических завода и горно-обогатительный комбинат в России суммарной мощностью производства свыше 6 млн т конечной продукции и химический завод в Китае. В компании работает свыше 11 000 сотрудников в 6 странах мира.  
MSNG#Электроэнергетика#ПАО «Мосэнерго» — самая крупная из региональных генерирующих компаний Российской Федерации и технологически неотъемлемая часть Единой энергетической системы России. Компания является крупнейшим производителем тепла в мире. В составе компании работают 15 электростанций установленной электрической мощностью 13 тыс. МВт. Также в составе «Мосэнерго» функционируют районные и квартальные тепловые станции, районные станции тепло электроснабжения. Электростанции ПАО «Мосэнерго» поставляют свыше 60% электрической энергии, потребляемой в Московском регионе, и обеспечивают более 70% потребностей Москвы (без учета присоединенных территорий) в тепловой энергии. Установленная тепловая мощность компании — 43 тыс. Гкал/ч.
CBOM#Финансы#Банк предоставляет полный перечень услуг для корпоративных клиентов и для частных лиц, предлагая универсальные продукты и услуги для широкой аудитории, а также разрабатывая специальные программы с учетом индивидуальных потребностей и пожеланий клиентов. Московский Кредитный банк является участником ведущих ассоциаций и объединений банковского сообщества и обладает всеми необходимыми лицензиями на осуществление банковской деятельности. Открытость бизнеса и устойчивые позиции позволили Банку в декабре 2004 года вступить в государственную систему страхования вкладов. МКБ входит в список 12 системно значимых банков, опубликованный Центральным банком Российской Федерации 13 сентября 2017 г. Банку выдана генеральная лицензия Банка России № 1978 от 06 мая 2016 г. Дивиденды: Согласно дивидендной политика банка, направляемые на дивиденды выплаты, должны составлять не менее 25% от чистой прибыли по МСФО.
LNZL#Металлы и добыча#ПАО «Лензолото» является одной из крупнейших золотодобывающих компаний страны, входит в Группу «Полюс». Зарегистрирована в 1992 году в городе Бодайбо Иркутской области как открытое акционерное общество, в 2015 году получила публичный статус. «Лензолото» — компания которая в значительной степени определяет сегодня экономику Иркутской области. В состав предприятия входят 11 дочерних компаний. Это бывшие прииски, ставшие закрытыми акционерными обществами: «Надеждинское», «Светлый», «Ленсиб», «Маракан», «Севзото», «Дальняя тайга», «Недра Бодайбо», «Чаразото», «Первенец», «Высочайший» и «Сухой лог».
CARM#Финансы#СмартТехГрупп принадлежит 100% CarMoney — финтех-сервиса по выдаче займов под залог автомобиля. Сервис зарегистрирован как микрофинансовая (МФО) компания, но бизнес-модель схожа с банковской. По оценкам рейтингового агентства Эксперт РА, в 2023 г. входит в топ-10 МФО по размеру портфеля и объему чистой прибыли.
CHGZ#Нефть и газ#ПАО «РН-Западная Сибирь» — российское энергетическое предприятие в городе Нижневартовске Ханты-Мансийского автономного округа — Югры. Зарегистрировано в 1994 году как ОАО «Черногорнефть» и реорганизовано в 2015 году в публичное акционерное общество. В ноябре 2016 года получило современное название.Компания разрабатывала Гун-Еганское, Лор-Еганское, Кысомское, Новомолодежное, Норильское, Тюменское и северную часть Самотлорского месторождения. Добывала, хранила, транспортировала и реализовывала нефть и попутный газ, вела геолого-разведочные работы. Порядка 90% выручки приходилось на продажу нефти, остальное — на реализацию газа и услуги, оказываемые другим компаниям. Значительная часть продукции отправлялась на экспорт, в том числе на рынки Венгрии, Германии и Польши. С 2000 года приоритетными направлениями деятельности предприятия стали покупка и продажа собственного жилого недвижимого имущества.
KZOS#Нет данных#ПАО «Казаньоргсинтез» - крупнейший отечественный производитель полимеров и сополимеров этилена, ведущее предприятие химической промышленности Российской Федерации, имеющее стратегическое значение для развития экономики Республики Татарстан и входящее в Группу компаний ТАИФ. Предприятие расположено в столице Республики Татарстан – г. Казань. Основано в 1958 году. В 1963 году выпущена первая продукция  - фенол и ацетон. ПАО «Казаньоргсинтез» расположено на одной производственной площадке общей площадью 4,2 км2, имеет единую транспортную, энергетическую и телекоммуникационную инфраструктуру. Производственная структура ПАО «Казаньоргсинтез»:  Завод этилена; Завод полиэтилена высокого давления (ПВД); Завод по производству и переработке полиэтилена низкого давления; Завод бисфенола , включая производство фенола и ацетона; Завод поликарбонатов ; Завод органических продуктов и технических газов; Завод по подготовке и проведению капитального ремонта; Вспомогательные подразделения. 
KBSB#Электроэнергетика#Зоной деятельности ПАО «ТНС энерго Кубань» как гарантирующего поставщика определены Краснодарский край и Республика Адыгея, за исключением границ зоны деятельности АО «НЭСК». 
MRKU#Электроэнергетика#«Россети Урал» (юридическое наименование - ОАО «Межрегиональная распределительная сетевая компания Урала») - российская электросетевая компания, осуществляющая транспорт электроэнергии по электрическим сетям напряжением 0,4-220 кВ и технологическое присоединение потребителей к электросетям на территории Свердловской, Челябинской областей, а также Пермского края.
TORS#Электроэнергетика#Публичное акционерное общество «Томская распределительная компания» (входит в группу компаний «Россети») - региональная энергетическая компания, обеспечивающая передачу и распределение электроэнергии на всей территории региона. Протяжённость линий электропередачи (по трассе) – 17 864 км, количество центров питания 35/110 кВ – 135 шт., подстанций 10/0,4 кВ – 3148, суммарная трансформаторная мощность – 3 859 МВА. В компанию входят пять производственных отделений: «Центральные электрические сети», «Северные электрические сети», «Восточные электрические сети», расположенные в административных центрах региона, в состав которых включены 19 районов электрических сетей. А также производственные отделения: по корпоративным и технологическим АСУ, и Центр управления сетями.
ROLO#Металлы и добыча#ПАО «Русолово» (до 2015 года — ОАО «Русолово») было создано в 2012 году, основной вид деятельности «Русолово» финансовое посредничество. Общество создано для управления единственными в России работающими оловодобывающими активами, расположенными на Дальнем Востоке, в Хабаровском крае – ООО «Правоурмийское» и ОАО «Оловянная рудная компания». Общая рудная база двух предприятий включает в себя три месторождения с запасами 163 тысяч тонн олова, 169 тысяч тонн меди, 13,5 тысяч тонн триоксида вольфрама и 319 тонн серебра; два хвостохранилища с запасами 26 тысяч тонн олова, 30 тысяч тонн меди, 2,5 тысяч тонн вольфрама и 242 тонны серебра.
IGSTP#Металлы и добыча#ОАО «Ижсталь» занимает ведущие позиции среди российских производителей специальных марок стали, сплавов и нержавеющего проката. Выпускает сортовой, калиброванный и обточенный прокат, холоднокатаную ленту, стальные фасонные профили высокой точности из конструкционных, инструментальных, быстрорежущих, нержавеющих марок стали. Потребителями продукции ОАО «Ижсталь» являются предприятия автомобильной, авиационной, нефтяной, горнодобывающей промышленностей, оборонного комплекса и высокотехнологичного машиностроения, инструментальные заводы. Из металлопродукции предприятия изготавливают детали машин, подшипников, буровых установок, высокопроизводительный режущий инструмент, работающий при высоких температурах и скоростях резания, рессоры, пружины, товары народного потребления. Продукция ОАО «Ижсталь» отгружается в США, страны ЕС и СНГ.
PMSB#Электроэнергетика#ПАО «Пермэнергосбыт» — энергосбытовая компания, действующая на территории Пермского края и лидирующая в своей отрасли. Имеет статус гарантирующего поставщика электроэнергии и субъекта оптового рынка электроэнергии и мощности. ПАО «Пермэнергосбыт» (до 2015 года — ОАО «Пермэнергосбыт») было выделено из ОАО «Пермэнерго» в 2004 году. Сразу в двух райцентрах Пермского края, Очере и Оханске, в начале апреля начали свою работу новые офисы ПАО «Пермэнергосбыт». Открытие новых «энергетических окон» связано с увеличением количества потребителей и расширением предоставляемого компанией спектра товаров и услуг.
BANE#Нефть и газ#ПАО АНК Башнефть — российская вертикально—интегрированная нефтяная компания. По итогам 2014 года компания занимает шестое место по объему добычи нефти и четвертое по объему первичной переработки среди нефтяных компаний России. Одно из старейших предприятий нефтяной отрасли России — ведет добычу с 1932 года. Ресурсная база Компании расположена в трех основных нефтедобывающих регионах России: Волго—Уральская провинция, Тимано—Печора, Западная Сибирь. В промышленной эксплуатации более 170 месторождений. В настоящее время на предприятиях ПАО АНК «Башнефть» работает более 33 000 сотрудников. Дивиденды: В соответствии с дивидендной политикой Общества, базой для расчета дивидендных выплат Общества является Чистая Прибыль Группы по МСФО. Совет директоров Общества и менеджмент Общества считают своим приоритетом обеспечение выплаты дивидендов на уровне не менее 25% от Чистой Прибыли Группы по МСФО, а также ориентируются на необходимость поддержания финансовой устойчивости Общества, выполнения ковенант по обязательствам и поддержания умеренной долговой нагрузки (коэффициент Чистый долг/EBITDA не превышает 2). Объявленные дивиденды Башнефти за 9 месяцев 2017 года составили 148,31 на акцию.
CNTLP#Телекоммуникации#ПАО «Центральный телеграф» – старейшая компания на телекоммуникационном рынке страны, входит в пятерку провайдеров Москвы и Московской области. ПАО «Центральный телеграф» оказывает следующие услуги физическим и юридическим лицам, а также операторам связи:  фиксированная и мобильная телефония; доступ в Интернет и IPTV; аренда каналов связи; документальная электросвязь; комплексные решения для бизнеса, такие как: виртуальная офисная станция IP PBX, видеонаблюдение, «офис под ключ». 
IRKT#Машиностроение#Публичное акционерное общество «Яковлев» (ранее ПАО «Корпорация «Иркут») – вертикально-интегрированное предприятие, обеспечивающее полный цикл работ по проектированию, испытаниям, производству, маркетингу, реализации и послепродажному обслуживанию авиационной техники военного и гражданского назначения. ПАО «Яковлев» создано в 2002 г. на базе ОАО «Иркутское авиационное производственное объединение». Интеграция в корпоративную структуру ОАО «ОКБ им. А.С.Яковлева» обеспечила расширение продуктового ряда и устойчивое развитие компании. Конструкторский коллектив «ОКБ им. А.С.Яковлева» стал базой для создания Инженерного центра им. А.С. Яковлева – главного конструкторского подразделения ПАО «Яковлев». Опытное и серийное производство продукции предприятия обеспечивает Иркутский авиационный завод (ИАЗ).
BSPBP#Финансы#ПАО Банк Санкт-Петербург — один из крупнейших региональных банков России основан в 1990 году, осуществляющий свою деятельность на территории Санкт-Петербурга, Ленинградской области, Москвы, Калининграда. По результатам ежегодной финансовой отчетности Банк в течение последнего десятилетия демонстрирует устойчивость и стабильность на всех основных рынках финансовых услуг. Банк является участником Системы страхования вкладов — все вклады, размещённые в нашем банке, находятся под надёжной защитой государства. Дивиденды: В целом, за период 2014-2018 гг. Банк Санкт-Петербург направлял на выплату дивидендов 20% чистой прибыли по РСБУ. С декабря 2018 г. на выплату дивидендов будет направляться не менее 20% чистой прибыли по МСФО.
LNZLP#Металлы и добыча#ПАО «Лензолото» является одной из крупнейших золотодобывающих компаний страны, входит в Группу «Полюс». Зарегистрирована в 1992 году в городе Бодайбо Иркутской области как открытое акционерное общество, в 2015 году получила публичный статус. «Лензолото» — компания которая в значительной степени определяет сегодня экономику Иркутской области. В состав предприятия входят 11 дочерних компаний. Это бывшие прииски, ставшие закрытыми акционерными обществами: «Надеждинское», «Светлый», «Ленсиб», «Маракан», «Севзото», «Дальняя тайга», «Недра Бодайбо», «Чаразото», «Первенец», «Высочайший» и «Сухой лог».
RENI#Финансы#Ренессанс страхование — российская страхования компания, относящаяся к системообразующим. Развивает различные инновационные технологии и предоставляет следующие услуги: страхование транспортных средств, страхование жизни, медицинское страхование и страхование имущества. В 2020 г. Ренессанс заняла 8 место в топ-10 страховщиков России, а доля рынка составила 5,4%. Компания входит в топ-4 независимых игроков на российском рынке страхования за исключением страхования жизни.
USBN#Потребительский сектор#Публичное акционерное общество "БАНК УРАЛСИБ" — один из крупнейших универсальных банков федерального уровня, предлагающий широкий спектр финансовых услуг для частных и корпоративных клиентов. Основными направлениями деятельности Банка являются розничный, корпоративный и инвестиционно-банковский бизнес. Головная организация Банка расположена в Москве. Удаленный центральный офис осуществляет свою деятельность в г. Уфе. Интегрированная региональная сеть продаж финансовых продуктов и услуг Банка представлена в 7 федеральных округах и 46 регионах и по состоянию на 1 июня 2017 года насчитывает:  6 филиалов 279 точек продаж 1 489 банкоматов 517 платежных терминалов 23 321 POS-терминал  Кроме собственной сети, Банк поддерживает работу объединенной банкоматной сети «ATLAS» – единое технологическое решение для 100 банков-партнеров, которая насчитывает более 5 000 банкоматов на всей территории РФ.
UPRO#Электроэнергетика#Основной вид деятельности ПАО «Юнипро» производство и продажа электрической энергии и мощности и тепловой энергии. ПАО «Юнипро» также представлено на рынках распределенной генерации и инжиниринга в РФ. ПАО Юнипро — ранее ОАО Э.ОН Россия (еще ранее Оптовая генерирующая компания № 4, ОГК-4) — российская энергетическая компания, созданная в результате реформы РАО ЕЭС России. Компания основана 4 марта 2005 года как ОГК-4. В 2000-х годах контрольный пакет акций был приобретен E.ON, 24 июня 2011 года общее годовое собрание акционеров компании приняло решение о её переименовании в Э.ОН Россия. С 23 июня 2016 года переименовано в ПАО Юнипро. ПАО «Юнипро» (до июня 2016 года – ОАО «Э.ОН Россия») – наиболее эффективная компания в секторе тепловой генерации электроэнергии в РФ. В состав Юнипро входят пять тепловых электрических станций общей мощностью 11 205 МВт: Сургутская ГРЭС-2 (5597 МВт), Березовская ГРЭС (2400 МВт), Шатурская ГРЭС (1493 МВт), Смоленская ГРЭС (630 МВт), и Яйвинская ГРЭС (1025 МВт). Дивиденды: Целевые уровни дивидендных выплат не регламентированы, однако менеджмент "Юнипро" в 2018 году планирует доработать дивидендную политику.
DZRDP#Прочее#Открытое акционерное общество “Донской завод радиодеталей” – крупнейшее предприятие отрасли, специализирующееся в области разработки и изготовления керамических деталей из вакуум-плотной алюмооксидной керамики с широчайшим применением в технике и товарах народного потребления. Завод обладает инфраструктурой включающей посредническую, торгово-закупочную и экспортную деятельность, собственную торговую сеть, и логистическую деятельность. Также предприятием осуществляются все виды промышленного монтажа, деятельность, связанная с инвестициями, повышающими производство других компаний. Торговая деятельность компании покрывает рынки России, Украины и Беларуси. ОАО "ДЗРД" расположено в городе Донском Тульской области, в 250 километрах от Москвы, в самом центре Среднерусской возвышенности.  
STSB#Электроэнергетика#ПАО «Ставропольэнергосбыт» — поставщик электроэнергии в Ставропольском крае, одна из крупнейших энергосбытовых компаний Юга России. Большинство потребителей — крупные товаропроизводители и организации социальной сферы, предприятия, финансируемые из бюджетов всех уровней, оптовые потребители-перепродавцы, в состав которых входят Ставропольская, Невинномысская, Железноводская, Кисловодская горсети.
